activity,activity_plain,sub_activity,sub_activity_plain,fiscal_year,income,cpi_auc_start,cpi_auc_end,inflation_rate,income_adjusted,percent_total,income_url,cpi_url
Individual Income Taxes,Individual Income Taxes,,,2013,1316410000000.00,234.149,246.819,1.054110844,1.38764E+12,47.46,https://www.fiscal.treasury.gov/fsreports/rpt/mthTreasStmt/mts0913.pdf,https://data.bls.gov/cgi-bin/surveymost?bls
Individual Income Taxes,Individual Income Taxes,Individual Income Taxes Withheld,Individual Income Taxes,2013,1102750000000.00,234.149,246.819,1.054110844,1.16242E+12,83.77,https://www.fiscal.treasury.gov/fsreports/rpt/mthTreasStmt/mts0913.pdf,https://data.bls.gov/cgi-bin/surveymost?bls
Individual Income Taxes,Individual Income Taxes,Presidential Election Campaign Fund,Presidential Election Campaign Fund,2013,35000000.00,234.149,246.819,1.054110844,37000000,0,https://www.fiscal.treasury.gov/fsreports/rpt/mthTreasStmt/mts0913.pdf,https://data.bls.gov/cgi-bin/surveymost?bls
Individual Income Taxes,Individual Income Taxes,Other Individual Income Taxes,Other Individual Income Taxes,2013,443616000000.00,234.149,246.819,1.054110844,4.68E+11,33.7,https://www.fiscal.treasury.gov/fsreports/rpt/mthTreasStmt/mts0913.pdf,https://data.bls.gov/cgi-bin/surveymost?bls
Individual Income Taxes,Individual Income Taxes,Individual Income Taxes Refunds,Individual Income Taxes Refunds,2013,-229992000000.00,234.149,246.819,1.054110844,-2.42E+11,-17.47,https://www.fiscal.treasury.gov/fsreports/rpt/mthTreasStmt/mts0913.pdf,https://data.bls.gov/cgi-bin/surveymost?bls
Corporation Income Taxes,Corporate Income Taxes,,,2013,273506000000.00,234.149,246.819,1.054110844,2.88E+11,9.86,https://www.fiscal.treasury.gov/fsreports/rpt/mthTreasStmt/mts0913.pdf,https://data.bls.gov/cgi-bin/surveymost?bls
Corporation Income Taxes,Corporate Income Taxes,Corporation Income Taxes,Corporate Income Taxes,2013,312476000000.00,234.149,246.819,1.054110844,3.29E+11,114.25,https://www.fiscal.treasury.gov/fsreports/rpt/mthTreasStmt/mts0913.pdf,https://data.bls.gov/cgi-bin/surveymost?bls
Corporation Income Taxes,Corporate Income Taxes,Corporation Income Taxes Refunds,Corporate Income Taxes Refunds,2013,-38971000000.00,234.149,246.819,1.054110844,-41100000000,-14.25,https://www.fiscal.treasury.gov/fsreports/rpt/mthTreasStmt/mts0913.pdf,https://data.bls.gov/cgi-bin/surveymost?bls
Employment and General Retirement,"Social Security, Medicare, and General Retirement",,,2013,887445000000.00,234.149,246.819,1.054110844,9.35E+11,31.99,https://www.fiscal.treasury.gov/fsreports/rpt/mthTreasStmt/mts0913.pdf,https://data.bls.gov/cgi-bin/surveymost?bls
Employment and General Retirement,"Social Security, Medicare, and General Retirement",Federal Old-Age and Survivors Insurance Trust Fund,Social Security: OASI,2013,577643000000.00,234.149,246.819,1.054110844,6.09E+11,65.09,https://www.fiscal.treasury.gov/fsreports/rpt/mthTreasStmt/mts0913.pdf,https://data.bls.gov/cgi-bin/surveymost?bls
Employment and General Retirement,"Social Security, Medicare, and General Retirement",Federal Old-Age and Survivors Insurance Trust Fund Refunds,Social Security OASI Refunds,2013,-2088000000.00,234.149,246.819,1.054110844,-2200000000,-0.24,https://www.fiscal.treasury.gov/fsreports/rpt/mthTreasStmt/mts0913.pdf,https://data.bls.gov/cgi-bin/surveymost?bls
Employment and General Retirement,"Social Security, Medicare, and General Retirement",Federal Disability Insurance Trust Fund,Social Security: DI,2013,98074000000.00,234.149,246.819,1.054110844,1.03E+11,11.05,https://www.fiscal.treasury.gov/fsreports/rpt/mthTreasStmt/mts0913.pdf,https://data.bls.gov/cgi-bin/surveymost?bls
Employment and General Retirement,"Social Security, Medicare, and General Retirement",Federal Disability Insurance Trust Fund Refunds,Social Security DI Refunds,2013,-355000000.00,234.149,246.819,1.054110844,-374000000,-0.04,https://www.fiscal.treasury.gov/fsreports/rpt/mthTreasStmt/mts0913.pdf,https://data.bls.gov/cgi-bin/surveymost?bls
Employment and General Retirement,"Social Security, Medicare, and General Retirement",Federal Hospital Insurance Trust Fund,Medicare Part A,2013,209271000000.00,234.149,246.819,1.054110844,2.21E+11,23.58,https://www.fiscal.treasury.gov/fsreports/rpt/mthTreasStmt/mts0913.pdf,https://data.bls.gov/cgi-bin/surveymost?bls
Employment and General Retirement,"Social Security, Medicare, and General Retirement",Railroad Retirement,Railroad Retirement,2013,4964000000.00,234.149,246.819,1.054110844,5230000000,0.56,https://www.fiscal.treasury.gov/fsreports/rpt/mthTreasStmt/mts0913.pdf,https://data.bls.gov/cgi-bin/surveymost?bls
Employment and General Retirement,"Social Security, Medicare, and General Retirement",Railroad Retirement Refunds,Railroad Retirement Refunds,2013,-63000000.00,234.149,246.819,1.054110844,-66000000,-0.01,https://www.fiscal.treasury.gov/fsreports/rpt/mthTreasStmt/mts0913.pdf,https://data.bls.gov/cgi-bin/surveymost?bls
Unemployment Insurance,Unemployment Insurance,,,2013,56810000000.00,234.149,246.819,1.054110844,59900000000,2.05,https://www.fiscal.treasury.gov/fsreports/rpt/mthTreasStmt/mts0913.pdf,https://data.bls.gov/cgi-bin/surveymost?bls
Unemployment Insurance,Unemployment Insurance,Deposits by States,Deposits by States,2013,48952000000.00,234.149,246.819,1.054110844,51600000000,86.17,https://www.fiscal.treasury.gov/fsreports/rpt/mthTreasStmt/mts0913.pdf,https://data.bls.gov/cgi-bin/surveymost?bls
Unemployment Insurance,Unemployment Insurance,Federal Unemployment Taxes,Federal Unemployment Taxes,2013,7896000000.00,234.149,246.819,1.054110844,8320000000,13.9,https://www.fiscal.treasury.gov/fsreports/rpt/mthTreasStmt/mts0913.pdf,https://data.bls.gov/cgi-bin/surveymost?bls
Unemployment Insurance,Unemployment Insurance,Federal Unemployment Taxes Refunds,Federal Unemployment Taxes Refunds,2013,-148000000.00,234.149,246.819,1.054110844,-156000000,-0.26,https://www.fiscal.treasury.gov/fsreports/rpt/mthTreasStmt/mts0913.pdf,https://data.bls.gov/cgi-bin/surveymost?bls
Unemployment Insurance,Unemployment Insurance,Railroad Unemployment Taxes,Railroad Unemployment Taxes,2013,111000000.00,234.149,246.819,1.054110844,117000000,0.2,https://www.fiscal.treasury.gov/fsreports/rpt/mthTreasStmt/mts0913.pdf,https://data.bls.gov/cgi-bin/surveymost?bls
Other Retirement,Other Retirement,,,2013,3564000000.00,234.149,246.819,1.054110844,3760000000,0.13,https://www.fiscal.treasury.gov/fsreports/rpt/mthTreasStmt/mts0913.pdf,https://data.bls.gov/cgi-bin/surveymost?bls
Other Retirement,Other Retirement,Federal Employees' Retirement - Employee Share,Government Pension: FERS,2013,3538000000.00,234.149,246.819,1.054110844,3730000000,99.27,https://www.fiscal.treasury.gov/fsreports/rpt/mthTreasStmt/mts0913.pdf,https://data.bls.gov/cgi-bin/surveymost?bls
Other Retirement,Other Retirement,Non-Federal Employees' Retirement,Civil Service Retirement Fund,2013,26000000.00,234.149,246.819,1.054110844,27000000,0.73,https://www.fiscal.treasury.gov/fsreports/rpt/mthTreasStmt/mts0913.pdf,https://data.bls.gov/cgi-bin/surveymost?bls
Excise Taxes,Excise Taxes,,,2013,84008000000.00,234.149,246.819,1.054110844,88600000000,3.03,https://www.fiscal.treasury.gov/fsreports/rpt/mthTreasStmt/mts0913.pdf,https://data.bls.gov/cgi-bin/surveymost?bls
Excise Taxes,Excise Taxes,Miscellaneous Excise Taxes,Other Excise Taxes,2013,38425000000.00,234.149,246.819,1.054110844,40500000000,45.74,https://www.fiscal.treasury.gov/fsreports/rpt/mthTreasStmt/mts0913.pdf,https://data.bls.gov/cgi-bin/surveymost?bls
Excise Taxes,Excise Taxes,Miscellaneous Excise Taxes Refunds,Other Excise Taxes Refunds,2013,-4015000000.00,234.149,246.819,1.054110844,-4230000000,-4.78,https://www.fiscal.treasury.gov/fsreports/rpt/mthTreasStmt/mts0913.pdf,https://data.bls.gov/cgi-bin/surveymost?bls
Excise Taxes,Excise Taxes,Airport and Airway Trust Fund,Airport and Airway Trust Fund,2013,12677000000.00,234.149,246.819,1.054110844,13400000000,15.09,https://www.fiscal.treasury.gov/fsreports/rpt/mthTreasStmt/mts0913.pdf,https://data.bls.gov/cgi-bin/surveymost?bls
Excise Taxes,Excise Taxes,Airport and Airway Trust Fund Refunds,Airport and Airway Trust Fund Refunds,2013,-18000000.00,234.149,246.819,1.054110844,-19000000,-0.02,https://www.fiscal.treasury.gov/fsreports/rpt/mthTreasStmt/mts0913.pdf,https://data.bls.gov/cgi-bin/surveymost?bls
Excise Taxes,Excise Taxes,Highway Trust Fund,Highway Trust Fund,2013,36410000000.00,234.149,246.819,1.054110844,38400000000,43.34,https://www.fiscal.treasury.gov/fsreports/rpt/mthTreasStmt/mts0913.pdf,https://data.bls.gov/cgi-bin/surveymost?bls
Excise Taxes,Excise Taxes,Highway Trust Fund Refunds,Highway Trust Fund Refunds,2013,0.00,234.149,246.819,1.054110844,0,0,https://www.fiscal.treasury.gov/fsreports/rpt/mthTreasStmt/mts0913.pdf,https://data.bls.gov/cgi-bin/surveymost?bls
Excise Taxes,Excise Taxes,Black Lung Disability Trust Fund,Black Lung Disability Trust Fund,2013,529000000.00,234.149,246.819,1.054110844,558000000,0.63,https://www.fiscal.treasury.gov/fsreports/rpt/mthTreasStmt/mts0913.pdf,https://data.bls.gov/cgi-bin/surveymost?bls
Estate and Gift Taxes,Estate and Gift Taxes,,,2013,18912000000.00,234.149,246.819,1.054110844,19900000000,0.68,https://www.fiscal.treasury.gov/fsreports/rpt/mthTreasStmt/mts0913.pdf,https://data.bls.gov/cgi-bin/surveymost?bls
Estate and Gift Taxes,Estate and Gift Taxes,Estate and Gift Taxes,Estate and Gift Taxes,2013,19830000000.00,234.149,246.819,1.054110844,20900000000,104.85,https://www.fiscal.treasury.gov/fsreports/rpt/mthTreasStmt/mts0913.pdf,https://data.bls.gov/cgi-bin/surveymost?bls
Estate and Gift Taxes,Estate and Gift Taxes,Estate and Gift Taxes Refunds,Estate and Gift Taxes Refunds,2013,-918000000.00,234.149,246.819,1.054110844,-968000000,-4.85,https://www.fiscal.treasury.gov/fsreports/rpt/mthTreasStmt/mts0913.pdf,https://data.bls.gov/cgi-bin/surveymost?bls
Customs Duties,Customs Duties,,,2013,31814000000.00,234.149,246.819,1.054110844,33500000000,1.15,https://www.fiscal.treasury.gov/fsreports/rpt/mthTreasStmt/mts0913.pdf,https://data.bls.gov/cgi-bin/surveymost?bls
Customs Duties,Customs Duties,Customs Duties,Customs Duties,2013,33119000000.00,234.149,246.819,1.054110844,34900000000,104.1,https://www.fiscal.treasury.gov/fsreports/rpt/mthTreasStmt/mts0913.pdf,https://data.bls.gov/cgi-bin/surveymost?bls
Customs Duties,Customs Duties,Customs Duties Refunds,Customs Duties Refunds,2013,-1305000000.00,234.149,246.819,1.054110844,-1380000000,-4.1,https://www.fiscal.treasury.gov/fsreports/rpt/mthTreasStmt/mts0913.pdf,https://data.bls.gov/cgi-bin/surveymost?bls
Miscellaneous Receipts,Income from Non-Tax Sources,,,2013,101513000000.00,234.149,246.819,1.054110844,1.07E+11,3.66,https://www.fiscal.treasury.gov/fsreports/rpt/mthTreasStmt/mts0913.pdf,https://data.bls.gov/cgi-bin/surveymost?bls
Miscellaneous Receipts,Income from Non-Tax Sources,"Deposit of Earnings, Federal Reserve System",Federal Reserve Deposit of Earnings,2013,75767000000.00,234.149,246.819,1.054110844,79900000000,74.64,https://www.fiscal.treasury.gov/fsreports/rpt/mthTreasStmt/mts0913.pdf,https://data.bls.gov/cgi-bin/surveymost?bls
Miscellaneous Receipts,Income from Non-Tax Sources,Universal Service Fund,Universal Service Fund,2013,9809000000.00,234.149,246.819,1.054110844,10300000000,9.66,https://www.fiscal.treasury.gov/fsreports/rpt/mthTreasStmt/mts0913.pdf,https://data.bls.gov/cgi-bin/surveymost?bls
Miscellaneous Receipts,Income from Non-Tax Sources,Other Miscellaneous Receipts,Other Income from Non-Tax Sources,2013,15972000000.00,234.149,246.819,1.054110844,16800000000,15.73,https://www.fiscal.treasury.gov/fsreports/rpt/mthTreasStmt/mts0913.pdf,https://data.bls.gov/cgi-bin/surveymost?bls
Miscellaneous Receipts,Income from Non-Tax Sources,Miscellaneous Receipts Refunds,Refunds on Income from Non-Tax Sources,2013,-33000000.00,234.149,246.819,1.054110844,-35000000,-0.03,https://www.fiscal.treasury.gov/fsreports/rpt/mthTreasStmt/mts0913.pdf,https://data.bls.gov/cgi-bin/surveymost?bls
Individual Income Taxes,Individual Income Taxes,,,2014,1394570000000.00,238.031,246.819,1.036919561,1.44605E+12,46.16,https://www.fiscal.treasury.gov/fsreports/rpt/mthTreasStmt/mts0914.pdf,https://data.bls.gov/cgi-bin/surveymost?bls
Individual Income Taxes,Individual Income Taxes,Individual Income Taxes Withheld,Individual Income Taxes,2014,1149710000000.00,238.031,246.819,1.036919561,1.19216E+12,82.44,https://www.fiscal.treasury.gov/fsreports/rpt/mthTreasStmt/mts0914.pdf,https://data.bls.gov/cgi-bin/surveymost?bls
Individual Income Taxes,Individual Income Taxes,Presidential Election Campaign Fund,Presidential Election Campaign Fund,2014,30000000.00,238.031,246.819,1.036919561,31000000,0,https://www.fiscal.treasury.gov/fsreports/rpt/mthTreasStmt/mts0914.pdf,https://data.bls.gov/cgi-bin/surveymost?bls
Individual Income Taxes,Individual Income Taxes,Other Individual Income Taxes,Other Individual Income Taxes,2014,476562000000.00,238.031,246.819,1.036919561,4.94E+11,34.17,https://www.fiscal.treasury.gov/fsreports/rpt/mthTreasStmt/mts0914.pdf,https://data.bls.gov/cgi-bin/surveymost?bls
Individual Income Taxes,Individual Income Taxes,Individual Income Taxes Refunds,Individual Income Taxes Refunds,2014,-231733000000.00,238.031,246.819,1.036919561,-2.4E+11,-16.62,https://www.fiscal.treasury.gov/fsreports/rpt/mthTreasStmt/mts0914.pdf,https://data.bls.gov/cgi-bin/surveymost?bls
Corporation Income Taxes,Corporate Income Taxes,,,2014,320731000000.00,238.031,246.819,1.036919561,3.33E+11,10.62,https://www.fiscal.treasury.gov/fsreports/rpt/mthTreasStmt/mts0914.pdf,https://data.bls.gov/cgi-bin/surveymost?bls
Corporation Income Taxes,Corporate Income Taxes,Corporation Income Taxes,Corporate Income Taxes,2014,353553000000.00,238.031,246.819,1.036919561,3.67E+11,110.23,https://www.fiscal.treasury.gov/fsreports/rpt/mthTreasStmt/mts0914.pdf,https://data.bls.gov/cgi-bin/surveymost?bls
Corporation Income Taxes,Corporate Income Taxes,Corporation Income Taxes Refunds,Corporate Income Taxes Refunds,2014,-32822000000.00,238.031,246.819,1.036919561,-34000000000,-10.23,https://www.fiscal.treasury.gov/fsreports/rpt/mthTreasStmt/mts0914.pdf,https://data.bls.gov/cgi-bin/surveymost?bls
Employment and General Retirement,"Social Security, Medicare, and General Retirement",,,2014,965067000000.00,238.031,246.819,1.036919561,1E+12,31.95,https://www.fiscal.treasury.gov/fsreports/rpt/mthTreasStmt/mts0914.pdf,https://data.bls.gov/cgi-bin/surveymost?bls
Employment and General Retirement,"Social Security, Medicare, and General Retirement",Federal Old-Age and Survivors Insurance Trust Fund,Social Security: OASI,2014,630986000000.00,238.031,246.819,1.036919561,6.54E+11,65.38,https://www.fiscal.treasury.gov/fsreports/rpt/mthTreasStmt/mts0914.pdf,https://data.bls.gov/cgi-bin/surveymost?bls
Employment and General Retirement,"Social Security, Medicare, and General Retirement",Federal Old-Age and Survivors Insurance Trust Fund Refunds,Social Security OASI Refunds,2014,-2162000000.00,238.031,246.819,1.036919561,-2240000000,-0.22,https://www.fiscal.treasury.gov/fsreports/rpt/mthTreasStmt/mts0914.pdf,https://data.bls.gov/cgi-bin/surveymost?bls
Employment and General Retirement,"Social Security, Medicare, and General Retirement",Federal Disability Insurance Trust Fund,Social Security: DI,2014,107145000000.00,238.031,246.819,1.036919561,1.11E+11,11.1,https://www.fiscal.treasury.gov/fsreports/rpt/mthTreasStmt/mts0914.pdf,https://data.bls.gov/cgi-bin/surveymost?bls
Employment and General Retirement,"Social Security, Medicare, and General Retirement",Federal Disability Insurance Trust Fund Refunds,Social Security DI Refunds,2014,-367000000.00,238.031,246.819,1.036919561,-381000000,-0.04,https://www.fiscal.treasury.gov/fsreports/rpt/mthTreasStmt/mts0914.pdf,https://data.bls.gov/cgi-bin/surveymost?bls
Employment and General Retirement,"Social Security, Medicare, and General Retirement",Federal Hospital Insurance Trust Fund,Medicare Part A,2014,224107000000.00,238.031,246.819,1.036919561,2.32E+11,23.22,https://www.fiscal.treasury.gov/fsreports/rpt/mthTreasStmt/mts0914.pdf,https://data.bls.gov/cgi-bin/surveymost?bls
Employment and General Retirement,"Social Security, Medicare, and General Retirement",Railroad Retirement,Railroad Retirement,2014,5373000000.00,238.031,246.819,1.036919561,5570000000,0.56,https://www.fiscal.treasury.gov/fsreports/rpt/mthTreasStmt/mts0914.pdf,https://data.bls.gov/cgi-bin/surveymost?bls
Employment and General Retirement,"Social Security, Medicare, and General Retirement",Railroad Retirement Refunds,Railroad Retirement Refunds,2014,-16000000.00,238.031,246.819,1.036919561,-17000000,0,https://www.fiscal.treasury.gov/fsreports/rpt/mthTreasStmt/mts0914.pdf,https://data.bls.gov/cgi-bin/surveymost?bls
Unemployment Insurance,Unemployment Insurance,,,2014,55394000000.00,238.031,246.819,1.036919561,57400000000,1.83,https://www.fiscal.treasury.gov/fsreports/rpt/mthTreasStmt/mts0914.pdf,https://data.bls.gov/cgi-bin/surveymost?bls
Unemployment Insurance,Unemployment Insurance,Deposits by States,Deposits by States,2014,46889000000.00,238.031,246.819,1.036919561,48600000000,84.65,https://www.fiscal.treasury.gov/fsreports/rpt/mthTreasStmt/mts0914.pdf,https://data.bls.gov/cgi-bin/surveymost?bls
Unemployment Insurance,Unemployment Insurance,Federal Unemployment Taxes,Federal Unemployment Taxes,2014,8612000000.00,238.031,246.819,1.036919561,8930000000,15.55,https://www.fiscal.treasury.gov/fsreports/rpt/mthTreasStmt/mts0914.pdf,https://data.bls.gov/cgi-bin/surveymost?bls
Unemployment Insurance,Unemployment Insurance,Federal Unemployment Taxes Refunds,Federal Unemployment Taxes Refunds,2014,-142000000.00,238.031,246.819,1.036919561,-147000000,-0.26,https://www.fiscal.treasury.gov/fsreports/rpt/mthTreasStmt/mts0914.pdf,https://data.bls.gov/cgi-bin/surveymost?bls
Unemployment Insurance,Unemployment Insurance,Railroad Unemployment Taxes,Railroad Unemployment Taxes,2014,35000000.00,238.031,246.819,1.036919561,36000000,0.06,https://www.fiscal.treasury.gov/fsreports/rpt/mthTreasStmt/mts0914.pdf,https://data.bls.gov/cgi-bin/surveymost?bls
Other Retirement,Other Retirement,,,2014,3472000000.00,238.031,246.819,1.036919561,3600000000,0.11,https://www.fiscal.treasury.gov/fsreports/rpt/mthTreasStmt/mts0914.pdf,https://data.bls.gov/cgi-bin/surveymost?bls
Other Retirement,Other Retirement,Federal Employees' Retirement - Employee Share,Government Pension: FERS,2014,3446000000.00,238.031,246.819,1.036919561,3570000000,99.25,https://www.fiscal.treasury.gov/fsreports/rpt/mthTreasStmt/mts0914.pdf,https://data.bls.gov/cgi-bin/surveymost?bls
Other Retirement,Other Retirement,Non-Federal Employees' Retirement,Civil Service Retirement Fund,2014,26000000.00,238.031,246.819,1.036919561,27000000,0.75,https://www.fiscal.treasury.gov/fsreports/rpt/mthTreasStmt/mts0914.pdf,https://data.bls.gov/cgi-bin/surveymost?bls
Excise Taxes,Excise Taxes,,,2014,93368000000.00,238.031,246.819,1.036919561,96800000000,3.09,https://www.fiscal.treasury.gov/fsreports/rpt/mthTreasStmt/mts0914.pdf,https://data.bls.gov/cgi-bin/surveymost?bls
Excise Taxes,Excise Taxes,Miscellaneous Excise Taxes,Other Excise Taxes,2014,44715000000.00,238.031,246.819,1.036919561,46400000000,47.89,https://www.fiscal.treasury.gov/fsreports/rpt/mthTreasStmt/mts0914.pdf,https://data.bls.gov/cgi-bin/surveymost?bls
Excise Taxes,Excise Taxes,Miscellaneous Excise Taxes Refunds,Other Excise Taxes Refunds,2014,-4405000000.00,238.031,246.819,1.036919561,-4570000000,-4.72,https://www.fiscal.treasury.gov/fsreports/rpt/mthTreasStmt/mts0914.pdf,https://data.bls.gov/cgi-bin/surveymost?bls
Excise Taxes,Excise Taxes,Airport and Airway Trust Fund,Airport and Airway Trust Fund,2014,13466000000.00,238.031,246.819,1.036919561,14000000000,14.42,https://www.fiscal.treasury.gov/fsreports/rpt/mthTreasStmt/mts0914.pdf,https://data.bls.gov/cgi-bin/surveymost?bls
Excise Taxes,Excise Taxes,Airport and Airway Trust Fund Refunds,Airport and Airway Trust Fund Refunds,2014,-16000000.00,238.031,246.819,1.036919561,-17000000,-0.02,https://www.fiscal.treasury.gov/fsreports/rpt/mthTreasStmt/mts0914.pdf,https://data.bls.gov/cgi-bin/surveymost?bls
Excise Taxes,Excise Taxes,Highway Trust Fund,Highway Trust Fund,2014,39035000000.00,238.031,246.819,1.036919561,40500000000,41.81,https://www.fiscal.treasury.gov/fsreports/rpt/mthTreasStmt/mts0914.pdf,https://data.bls.gov/cgi-bin/surveymost?bls
Excise Taxes,Excise Taxes,Highway Trust Fund Refunds,Highway Trust Fund Refunds,2014,0.00,238.031,246.819,1.036919561,0,0,https://www.fiscal.treasury.gov/fsreports/rpt/mthTreasStmt/mts0914.pdf,https://data.bls.gov/cgi-bin/surveymost?bls
Excise Taxes,Excise Taxes,Black Lung Disability Trust Fund,Black Lung Disability Trust Fund,2014,573000000.00,238.031,246.819,1.036919561,594000000,0.61,https://www.fiscal.treasury.gov/fsreports/rpt/mthTreasStmt/mts0914.pdf,https://data.bls.gov/cgi-bin/surveymost?bls
Estate and Gift Taxes,Estate and Gift Taxes,,,2014,19300000000.00,238.031,246.819,1.036919561,20000000000,0.64,https://www.fiscal.treasury.gov/fsreports/rpt/mthTreasStmt/mts0914.pdf,https://data.bls.gov/cgi-bin/surveymost?bls
Estate and Gift Taxes,Estate and Gift Taxes,Estate and Gift Taxes,Estate and Gift Taxes,2014,20155000000.00,238.031,246.819,1.036919561,20900000000,104.43,https://www.fiscal.treasury.gov/fsreports/rpt/mthTreasStmt/mts0914.pdf,https://data.bls.gov/cgi-bin/surveymost?bls
Estate and Gift Taxes,Estate and Gift Taxes,Estate and Gift Taxes Refunds,Estate and Gift Taxes Refunds,2014,-855000000.00,238.031,246.819,1.036919561,-887000000,-4.43,https://www.fiscal.treasury.gov/fsreports/rpt/mthTreasStmt/mts0914.pdf,https://data.bls.gov/cgi-bin/surveymost?bls
Customs Duties,Customs Duties,,,2014,33926000000.00,238.031,246.819,1.036919561,35200000000,1.12,https://www.fiscal.treasury.gov/fsreports/rpt/mthTreasStmt/mts0914.pdf,https://data.bls.gov/cgi-bin/surveymost?bls
Customs Duties,Customs Duties,Customs Duties,Customs Duties,2014,35349000000.00,238.031,246.819,1.036919561,36700000000,104.19,https://www.fiscal.treasury.gov/fsreports/rpt/mthTreasStmt/mts0914.pdf,https://data.bls.gov/cgi-bin/surveymost?bls
Customs Duties,Customs Duties,Customs Duties Refunds,Customs Duties Refunds,2014,-1423000000.00,238.031,246.819,1.036919561,-1480000000,-4.19,https://www.fiscal.treasury.gov/fsreports/rpt/mthTreasStmt/mts0914.pdf,https://data.bls.gov/cgi-bin/surveymost?bls
Miscellaneous Receipts,Income from Non-Tax Sources,,,2014,135024000000.00,238.031,246.819,1.036919561,1.4E+11,4.47,https://www.fiscal.treasury.gov/fsreports/rpt/mthTreasStmt/mts0914.pdf,https://data.bls.gov/cgi-bin/surveymost?bls
Miscellaneous Receipts,Income from Non-Tax Sources,"Deposit of Earnings, Federal Reserve System",Federal Reserve Deposit of Earnings,2014,99235000000.00,238.031,246.819,1.036919561,1.03E+11,73.49,https://www.fiscal.treasury.gov/fsreports/rpt/mthTreasStmt/mts0914.pdf,https://data.bls.gov/cgi-bin/surveymost?bls
Miscellaneous Receipts,Income from Non-Tax Sources,Universal Service Fund,Universal Service Fund,2014,9769000000.00,238.031,246.819,1.036919561,10100000000,7.24,https://www.fiscal.treasury.gov/fsreports/rpt/mthTreasStmt/mts0914.pdf,https://data.bls.gov/cgi-bin/surveymost?bls
Miscellaneous Receipts,Income from Non-Tax Sources,Other Miscellaneous Receipts,Other Income from Non-Tax Sources,2014,26057000000.00,238.031,246.819,1.036919561,27000000000,19.3,https://www.fiscal.treasury.gov/fsreports/rpt/mthTreasStmt/mts0914.pdf,https://data.bls.gov/cgi-bin/surveymost?bls
Miscellaneous Receipts,Income from Non-Tax Sources,Miscellaneous Receipts Refunds,Refunds on Income from Non-Tax Sources,2014,-37000000.00,238.031,246.819,1.036919561,-38000000,-0.03,https://www.fiscal.treasury.gov/fsreports/rpt/mthTreasStmt/mts0914.pdf,https://data.bls.gov/cgi-bin/surveymost?bls
Individual Income Taxes,Individual Income Taxes,,,2015,1540800000000.00,237.945,246.819,1.037294333,1.59827E+12,47.43,https://www.fiscal.treasury.gov/fsreports/rpt/mthTreasStmt/mts0915.pdf,https://data.bls.gov/cgi-bin/surveymost?bls
Individual Income Taxes,Individual Income Taxes,Individual Income Taxes Withheld,Individual Income Taxes,2015,1220160000000.00,237.945,246.819,1.037294333,1.26567E+12,79.19,https://www.fiscal.treasury.gov/fsreports/rpt/mthTreasStmt/mts0915.pdf,https://data.bls.gov/cgi-bin/surveymost?bls
Individual Income Taxes,Individual Income Taxes,Presidential Election Campaign Fund,Presidential Election Campaign Fund,2015,30000000.00,237.945,246.819,1.037294333,31000000,0,https://www.fiscal.treasury.gov/fsreports/rpt/mthTreasStmt/mts0915.pdf,https://data.bls.gov/cgi-bin/surveymost?bls
Individual Income Taxes,Individual Income Taxes,Other Individual Income Taxes,Other Individual Income Taxes,2015,554963000000.00,237.945,246.819,1.037294333,5.76E+11,36.02,https://www.fiscal.treasury.gov/fsreports/rpt/mthTreasStmt/mts0915.pdf,https://data.bls.gov/cgi-bin/surveymost?bls
Individual Income Taxes,Individual Income Taxes,Individual Income Taxes Refunds,Individual Income Taxes Refunds,2015,-234354000000.00,237.945,246.819,1.037294333,-2.43E+11,-15.21,https://www.fiscal.treasury.gov/fsreports/rpt/mthTreasStmt/mts0915.pdf,https://data.bls.gov/cgi-bin/surveymost?bls
Corporation Income Taxes,Corporate Income Taxes,,,2015,343797000000.00,237.945,246.819,1.037294333,3.57E+11,10.58,https://www.fiscal.treasury.gov/fsreports/rpt/mthTreasStmt/mts0915.pdf,https://data.bls.gov/cgi-bin/surveymost?bls
Corporation Income Taxes,Corporate Income Taxes,Corporation Income Taxes,Corporate Income Taxes,2015,390292000000.00,237.945,246.819,1.037294333,4.05E+11,113.52,https://www.fiscal.treasury.gov/fsreports/rpt/mthTreasStmt/mts0915.pdf,https://data.bls.gov/cgi-bin/surveymost?bls
Corporation Income Taxes,Corporate Income Taxes,Corporation Income Taxes Refunds,Corporate Income Taxes Refunds,2015,-46495000000.00,237.945,246.819,1.037294333,-48200000000,-13.52,https://www.fiscal.treasury.gov/fsreports/rpt/mthTreasStmt/mts0915.pdf,https://data.bls.gov/cgi-bin/surveymost?bls
Employment and General Retirement,"Social Security, Medicare, and General Retirement",,,2015,1010450000000.00,237.945,246.819,1.037294333,1.05E+12,31.1,https://www.fiscal.treasury.gov/fsreports/rpt/mthTreasStmt/mts0915.pdf,https://data.bls.gov/cgi-bin/surveymost?bls
Employment and General Retirement,"Social Security, Medicare, and General Retirement",Federal Old-Age and Survivors Insurance Trust Fund,Social Security: OASI,2015,660956000000.00,237.945,246.819,1.037294333,6.86E+11,65.41,https://www.fiscal.treasury.gov/fsreports/rpt/mthTreasStmt/mts0915.pdf,https://data.bls.gov/cgi-bin/surveymost?bls
Employment and General Retirement,"Social Security, Medicare, and General Retirement",Federal Old-Age and Survivors Insurance Trust Fund Refunds,Social Security OASI Refunds,2015,-2394000000.00,237.945,246.819,1.037294333,-2480000000,-0.24,https://www.fiscal.treasury.gov/fsreports/rpt/mthTreasStmt/mts0915.pdf,https://data.bls.gov/cgi-bin/surveymost?bls
Employment and General Retirement,"Social Security, Medicare, and General Retirement",Federal Disability Insurance Trust Fund,Social Security: DI,2015,112239000000.00,237.945,246.819,1.037294333,1.16E+11,11.11,https://www.fiscal.treasury.gov/fsreports/rpt/mthTreasStmt/mts0915.pdf,https://data.bls.gov/cgi-bin/surveymost?bls
Employment and General Retirement,"Social Security, Medicare, and General Retirement",Federal Disability Insurance Trust Fund Refunds,Social Security DI Refunds,2015,-407000000.00,237.945,246.819,1.037294333,-422000000,-0.04,https://www.fiscal.treasury.gov/fsreports/rpt/mthTreasStmt/mts0915.pdf,https://data.bls.gov/cgi-bin/surveymost?bls
Employment and General Retirement,"Social Security, Medicare, and General Retirement",Federal Hospital Insurance Trust Fund,Medicare Part A,2015,234189000000.00,237.945,246.819,1.037294333,2.43E+11,23.18,https://www.fiscal.treasury.gov/fsreports/rpt/mthTreasStmt/mts0915.pdf,https://data.bls.gov/cgi-bin/surveymost?bls
Employment and General Retirement,"Social Security, Medicare, and General Retirement",Railroad Retirement,Railroad Retirement,2015,5868000000.00,237.945,246.819,1.037294333,6090000000,0.58,https://www.fiscal.treasury.gov/fsreports/rpt/mthTreasStmt/mts0915.pdf,https://data.bls.gov/cgi-bin/surveymost?bls
Employment and General Retirement,"Social Security, Medicare, and General Retirement",Railroad Retirement Refunds,Railroad Retirement Refunds,2015,-2000000.00,237.945,246.819,1.037294333,-2000000,0,https://www.fiscal.treasury.gov/fsreports/rpt/mthTreasStmt/mts0915.pdf,https://data.bls.gov/cgi-bin/surveymost?bls
Unemployment Insurance,Unemployment Insurance,,,2015,51177000000.00,237.945,246.819,1.037294333,53100000000,1.58,https://www.fiscal.treasury.gov/fsreports/rpt/mthTreasStmt/mts0915.pdf,https://data.bls.gov/cgi-bin/surveymost?bls
Unemployment Insurance,Unemployment Insurance,Deposits by States,Deposits by States,2015,42177000000.00,237.945,246.819,1.037294333,43800000000,82.41,https://www.fiscal.treasury.gov/fsreports/rpt/mthTreasStmt/mts0915.pdf,https://data.bls.gov/cgi-bin/surveymost?bls
Unemployment Insurance,Unemployment Insurance,Federal Unemployment Taxes,Federal Unemployment Taxes,2015,9108000000.00,237.945,246.819,1.037294333,9450000000,17.8,https://www.fiscal.treasury.gov/fsreports/rpt/mthTreasStmt/mts0915.pdf,https://data.bls.gov/cgi-bin/surveymost?bls
Unemployment Insurance,Unemployment Insurance,Federal Unemployment Taxes Refunds,Federal Unemployment Taxes Refunds,2015,-182000000.00,237.945,246.819,1.037294333,-189000000,-0.36,https://www.fiscal.treasury.gov/fsreports/rpt/mthTreasStmt/mts0915.pdf,https://data.bls.gov/cgi-bin/surveymost?bls
Unemployment Insurance,Unemployment Insurance,Railroad Unemployment Taxes,Railroad Unemployment Taxes,2015,75000000.00,237.945,246.819,1.037294333,78000000,0.15,https://www.fiscal.treasury.gov/fsreports/rpt/mthTreasStmt/mts0915.pdf,https://data.bls.gov/cgi-bin/surveymost?bls
Other Retirement,Other Retirement,,,2015,3651000000.00,237.945,246.819,1.037294333,3790000000,0.11,https://www.fiscal.treasury.gov/fsreports/rpt/mthTreasStmt/mts0915.pdf,https://data.bls.gov/cgi-bin/surveymost?bls
Other Retirement,Other Retirement,Federal Employees' Retirement - Employee Share,Government Pension: FERS,2015,3628000000.00,237.945,246.819,1.037294333,3760000000,99.37,https://www.fiscal.treasury.gov/fsreports/rpt/mthTreasStmt/mts0915.pdf,https://data.bls.gov/cgi-bin/surveymost?bls
Other Retirement,Other Retirement,Non-Federal Employees' Retirement,Civil Service Retirement Fund,2015,23000000.00,237.945,246.819,1.037294333,24000000,0.63,https://www.fiscal.treasury.gov/fsreports/rpt/mthTreasStmt/mts0915.pdf,https://data.bls.gov/cgi-bin/surveymost?bls
Excise Taxes,Excise Taxes,,,2015,98279000000.00,237.945,246.819,1.037294333,1.02E+11,3.03,https://www.fiscal.treasury.gov/fsreports/rpt/mthTreasStmt/mts0915.pdf,https://data.bls.gov/cgi-bin/surveymost?bls
Excise Taxes,Excise Taxes,Miscellaneous Excise Taxes,Other Excise Taxes,2015,50801000000.00,237.945,246.819,1.037294333,52700000000,51.69,https://www.fiscal.treasury.gov/fsreports/rpt/mthTreasStmt/mts0915.pdf,https://data.bls.gov/cgi-bin/surveymost?bls
Excise Taxes,Excise Taxes,Miscellaneous Excise Taxes Refunds,Other Excise Taxes Refunds,2015,-4585000000.00,237.945,246.819,1.037294333,-4760000000,-4.67,https://www.fiscal.treasury.gov/fsreports/rpt/mthTreasStmt/mts0915.pdf,https://data.bls.gov/cgi-bin/surveymost?bls
Excise Taxes,Excise Taxes,Airport and Airway Trust Fund,Airport and Airway Trust Fund,2015,13403000000.00,237.945,246.819,1.037294333,13900000000,13.64,https://www.fiscal.treasury.gov/fsreports/rpt/mthTreasStmt/mts0915.pdf,https://data.bls.gov/cgi-bin/surveymost?bls
Excise Taxes,Excise Taxes,Airport and Airway Trust Fund Refunds,Airport and Airway Trust Fund Refunds,2015,-19000000.00,237.945,246.819,1.037294333,-20000000,-0.02,https://www.fiscal.treasury.gov/fsreports/rpt/mthTreasStmt/mts0915.pdf,https://data.bls.gov/cgi-bin/surveymost?bls
Excise Taxes,Excise Taxes,Highway Trust Fund,Highway Trust Fund,2015,38132000000.00,237.945,246.819,1.037294333,39600000000,38.8,https://www.fiscal.treasury.gov/fsreports/rpt/mthTreasStmt/mts0915.pdf,https://data.bls.gov/cgi-bin/surveymost?bls
Excise Taxes,Excise Taxes,Highway Trust Fund Refunds,Highway Trust Fund Refunds,2015,0.00,237.945,246.819,1.037294333,0,0,https://www.fiscal.treasury.gov/fsreports/rpt/mthTreasStmt/mts0915.pdf,https://data.bls.gov/cgi-bin/surveymost?bls
Excise Taxes,Excise Taxes,Black Lung Disability Trust Fund,Black Lung Disability Trust Fund,2015,546000000.00,237.945,246.819,1.037294333,566000000,0.56,https://www.fiscal.treasury.gov/fsreports/rpt/mthTreasStmt/mts0915.pdf,https://data.bls.gov/cgi-bin/surveymost?bls
Estate and Gift Taxes,Estate and Gift Taxes,,,2015,19232000000.00,237.945,246.819,1.037294333,19900000000,0.59,https://www.fiscal.treasury.gov/fsreports/rpt/mthTreasStmt/mts0915.pdf,https://data.bls.gov/cgi-bin/surveymost?bls
Estate and Gift Taxes,Estate and Gift Taxes,Estate and Gift Taxes,Estate and Gift Taxes,2015,20042000000.00,237.945,246.819,1.037294333,20800000000,104.21,https://www.fiscal.treasury.gov/fsreports/rpt/mthTreasStmt/mts0915.pdf,https://data.bls.gov/cgi-bin/surveymost?bls
Estate and Gift Taxes,Estate and Gift Taxes,Estate and Gift Taxes Refunds,Estate and Gift Taxes Refunds,2015,-810000000.00,237.945,246.819,1.037294333,-840000000,-4.21,https://www.fiscal.treasury.gov/fsreports/rpt/mthTreasStmt/mts0915.pdf,https://data.bls.gov/cgi-bin/surveymost?bls
Customs Duties,Customs Duties,,,2015,35041000000.00,237.945,246.819,1.037294333,36300000000,1.08,https://www.fiscal.treasury.gov/fsreports/rpt/mthTreasStmt/mts0915.pdf,https://data.bls.gov/cgi-bin/surveymost?bls
Customs Duties,Customs Duties,Customs Duties,Customs Duties,2015,37706000000.00,237.945,246.819,1.037294333,39100000000,107.61,https://www.fiscal.treasury.gov/fsreports/rpt/mthTreasStmt/mts0915.pdf,https://data.bls.gov/cgi-bin/surveymost?bls
Customs Duties,Customs Duties,Customs Duties Refunds,Customs Duties Refunds,2015,-2665000000.00,237.945,246.819,1.037294333,-2760000000,-7.61,https://www.fiscal.treasury.gov/fsreports/rpt/mthTreasStmt/mts0915.pdf,https://data.bls.gov/cgi-bin/surveymost?bls
Miscellaneous Receipts,Income from Non-Tax Sources,,,2015,146294000000.00,237.945,246.819,1.037294333,1.52E+11,4.5,https://www.fiscal.treasury.gov/fsreports/rpt/mthTreasStmt/mts0915.pdf,https://data.bls.gov/cgi-bin/surveymost?bls
Miscellaneous Receipts,Income from Non-Tax Sources,"Deposit of Earnings, Federal Reserve System",Federal Reserve Deposit of Earnings,2015,96468000000.00,237.945,246.819,1.037294333,1E+11,65.94,https://www.fiscal.treasury.gov/fsreports/rpt/mthTreasStmt/mts0915.pdf,https://data.bls.gov/cgi-bin/surveymost?bls
Miscellaneous Receipts,Income from Non-Tax Sources,Universal Service Fund,Universal Service Fund,2015,9556000000.00,237.945,246.819,1.037294333,9910000000,6.53,https://www.fiscal.treasury.gov/fsreports/rpt/mthTreasStmt/mts0915.pdf,https://data.bls.gov/cgi-bin/surveymost?bls
Miscellaneous Receipts,Income from Non-Tax Sources,Other Miscellaneous Receipts,Other Income from Non-Tax Sources,2015,40304000000.00,237.945,246.819,1.037294333,41800000000,27.55,https://www.fiscal.treasury.gov/fsreports/rpt/mthTreasStmt/mts0915.pdf,https://data.bls.gov/cgi-bin/surveymost?bls
Miscellaneous Receipts,Income from Non-Tax Sources,Miscellaneous Receipts Refunds,Refunds on Income from Non-Tax Sources,2015,-34000000.00,237.945,246.819,1.037294333,-35000000,-0.02,https://www.fiscal.treasury.gov/fsreports/rpt/mthTreasStmt/mts0915.pdf,https://data.bls.gov/cgi-bin/surveymost?bls
Individual Income Taxes,Individual Income Taxes,,,2016,1546080000000.00,241.428,246.819,1.022329639,1.5806E+12,47.33,https://www.fiscal.treasury.gov/fsreports/rpt/mthTreasStmt/mts0916.pdf,https://data.bls.gov/cgi-bin/surveymost?bls
Individual Income Taxes,Individual Income Taxes,Individual Income Taxes Withheld,Individual Income Taxes,2016,1245700000000.00,241.428,246.819,1.022329639,1.27352E+12,80.57,https://www.fiscal.treasury.gov/fsreports/rpt/mthTreasStmt/mts0916.pdf,https://data.bls.gov/cgi-bin/surveymost?bls
Individual Income Taxes,Individual Income Taxes,Presidential Election Campaign Fund,Presidential Election Campaign Fund,2016,29000000.00,241.428,246.819,1.022329639,30000000,0,https://www.fiscal.treasury.gov/fsreports/rpt/mthTreasStmt/mts0916.pdf,https://data.bls.gov/cgi-bin/surveymost?bls
Individual Income Taxes,Individual Income Taxes,Other Individual Income Taxes,Other Individual Income Taxes,2016,551633000000.00,241.428,246.819,1.022329639,5.64E+11,35.68,https://www.fiscal.treasury.gov/fsreports/rpt/mthTreasStmt/mts0916.pdf,https://data.bls.gov/cgi-bin/surveymost?bls
Individual Income Taxes,Individual Income Taxes,Individual Income Taxes Refunds,Individual Income Taxes Refunds,2016,-251286000000.00,241.428,246.819,1.022329639,-2.57E+11,-16.25,https://www.fiscal.treasury.gov/fsreports/rpt/mthTreasStmt/mts0916.pdf,https://data.bls.gov/cgi-bin/surveymost?bls
Corporation Income Taxes,Corporate Income Taxes,,,2016,299571000000.00,241.428,246.819,1.022329639,3.06E+11,9.17,https://www.fiscal.treasury.gov/fsreports/rpt/mthTreasStmt/mts0916.pdf,https://data.bls.gov/cgi-bin/surveymost?bls
Corporation Income Taxes,Corporate Income Taxes,Corporation Income Taxes,Corporate Income Taxes,2016,345982000000.00,241.428,246.819,1.022329639,3.54E+11,115.49,https://www.fiscal.treasury.gov/fsreports/rpt/mthTreasStmt/mts0916.pdf,https://data.bls.gov/cgi-bin/surveymost?bls
Corporation Income Taxes,Corporate Income Taxes,Corporation Income Taxes Refunds,Corporate Income Taxes Refunds,2016,-46411000000.00,241.428,246.819,1.022329639,-47400000000,-15.49,https://www.fiscal.treasury.gov/fsreports/rpt/mthTreasStmt/mts0916.pdf,https://data.bls.gov/cgi-bin/surveymost?bls
Employment and General Retirement,"Social Security, Medicare, and General Retirement",,,2016,1062310000000.00,241.428,246.819,1.022329639,1.09E+12,32.52,https://www.fiscal.treasury.gov/fsreports/rpt/mthTreasStmt/mts0916.pdf,https://data.bls.gov/cgi-bin/surveymost?bls
Employment and General Retirement,"Social Security, Medicare, and General Retirement",Federal Old-Age and Survivors Insurance Trust Fund,Social Security: OASI,2016,668372000000.00,241.428,246.819,1.022329639,6.83E+11,62.92,https://www.fiscal.treasury.gov/fsreports/rpt/mthTreasStmt/mts0916.pdf,https://data.bls.gov/cgi-bin/surveymost?bls
Employment and General Retirement,"Social Security, Medicare, and General Retirement",Federal Old-Age and Survivors Insurance Trust Fund Refunds,Social Security OASI Refunds,2016,-2700000000.00,241.428,246.819,1.022329639,-2760000000,-0.25,https://www.fiscal.treasury.gov/fsreports/rpt/mthTreasStmt/mts0916.pdf,https://data.bls.gov/cgi-bin/surveymost?bls
Employment and General Retirement,"Social Security, Medicare, and General Retirement",Federal Disability Insurance Trust Fund,Social Security: DI,2016,144966000000.00,241.428,246.819,1.022329639,1.48E+11,13.65,https://www.fiscal.treasury.gov/fsreports/rpt/mthTreasStmt/mts0916.pdf,https://data.bls.gov/cgi-bin/surveymost?bls
Employment and General Retirement,"Social Security, Medicare, and General Retirement",Federal Disability Insurance Trust Fund Refunds,Social Security DI Refunds,2016,-459000000.00,241.428,246.819,1.022329639,-469000000,-0.04,https://www.fiscal.treasury.gov/fsreports/rpt/mthTreasStmt/mts0916.pdf,https://data.bls.gov/cgi-bin/surveymost?bls
Employment and General Retirement,"Social Security, Medicare, and General Retirement",Federal Hospital Insurance Trust Fund,Medicare Part A,2016,246812000000.00,241.428,246.819,1.022329639,2.52E+11,23.23,https://www.fiscal.treasury.gov/fsreports/rpt/mthTreasStmt/mts0916.pdf,https://data.bls.gov/cgi-bin/surveymost?bls
Employment and General Retirement,"Social Security, Medicare, and General Retirement",Railroad Retirement,Railroad Retirement,2016,5317000000.00,241.428,246.819,1.022329639,5440000000,0.5,https://www.fiscal.treasury.gov/fsreports/rpt/mthTreasStmt/mts0916.pdf,https://data.bls.gov/cgi-bin/surveymost?bls
Employment and General Retirement,"Social Security, Medicare, and General Retirement",Railroad Retirement Refunds,Railroad Retirement Refunds,2016,-4000000.00,241.428,246.819,1.022329639,-4000000,0,https://www.fiscal.treasury.gov/fsreports/rpt/mthTreasStmt/mts0916.pdf,https://data.bls.gov/cgi-bin/surveymost?bls
Unemployment Insurance,Unemployment Insurance,,,2016,48853000000.00,241.428,246.819,1.022329639,49900000000,1.5,https://www.fiscal.treasury.gov/fsreports/rpt/mthTreasStmt/mts0916.pdf,https://data.bls.gov/cgi-bin/surveymost?bls
Unemployment Insurance,Unemployment Insurance,Deposits by States,Deposits by States,2016,40485000000.00,241.428,246.819,1.022329639,41400000000,82.87,https://www.fiscal.treasury.gov/fsreports/rpt/mthTreasStmt/mts0916.pdf,https://data.bls.gov/cgi-bin/surveymost?bls
Unemployment Insurance,Unemployment Insurance,Federal Unemployment Taxes,Federal Unemployment Taxes,2016,8440000000.00,241.428,246.819,1.022329639,8630000000,17.28,https://www.fiscal.treasury.gov/fsreports/rpt/mthTreasStmt/mts0916.pdf,https://data.bls.gov/cgi-bin/surveymost?bls
Unemployment Insurance,Unemployment Insurance,Federal Unemployment Taxes Refunds,Federal Unemployment Taxes Refunds,2016,-190000000.00,241.428,246.819,1.022329639,-194000000,-0.39,https://www.fiscal.treasury.gov/fsreports/rpt/mthTreasStmt/mts0916.pdf,https://data.bls.gov/cgi-bin/surveymost?bls
Unemployment Insurance,Unemployment Insurance,Railroad Unemployment Taxes,Railroad Unemployment Taxes,2016,117000000.00,241.428,246.819,1.022329639,120000000,0.24,https://www.fiscal.treasury.gov/fsreports/rpt/mthTreasStmt/mts0916.pdf,https://data.bls.gov/cgi-bin/surveymost?bls
Other Retirement,Other Retirement,,,2016,3905000000.00,241.428,246.819,1.022329639,3990000000,0.12,https://www.fiscal.treasury.gov/fsreports/rpt/mthTreasStmt/mts0916.pdf,https://data.bls.gov/cgi-bin/surveymost?bls
Other Retirement,Other Retirement,Federal Employees' Retirement - Employee Share,Government Pension: FERS,2016,3876000000.00,241.428,246.819,1.022329639,3960000000,99.26,https://www.fiscal.treasury.gov/fsreports/rpt/mthTreasStmt/mts0916.pdf,https://data.bls.gov/cgi-bin/surveymost?bls
Other Retirement,Other Retirement,Non-Federal Employees' Retirement,Civil Service Retirement Fund,2016,29000000.00,241.428,246.819,1.022329639,30000000,0.74,https://www.fiscal.treasury.gov/fsreports/rpt/mthTreasStmt/mts0916.pdf,https://data.bls.gov/cgi-bin/surveymost?bls
Excise Taxes,Excise Taxes,,,2016,95045000000.00,241.428,246.819,1.022329639,97200000000,2.91,https://www.fiscal.treasury.gov/fsreports/rpt/mthTreasStmt/mts0916.pdf,https://data.bls.gov/cgi-bin/surveymost?bls
Excise Taxes,Excise Taxes,Miscellaneous Excise Taxes,Other Excise Taxes,2016,45281000000.00,241.428,246.819,1.022329639,46300000000,47.64,https://www.fiscal.treasury.gov/fsreports/rpt/mthTreasStmt/mts0916.pdf,https://data.bls.gov/cgi-bin/surveymost?bls
Excise Taxes,Excise Taxes,Miscellaneous Excise Taxes Refunds,Other Excise Taxes Refunds,2016,-6438000000.00,241.428,246.819,1.022329639,-6580000000,-6.77,https://www.fiscal.treasury.gov/fsreports/rpt/mthTreasStmt/mts0916.pdf,https://data.bls.gov/cgi-bin/surveymost?bls
Excise Taxes,Excise Taxes,Airport and Airway Trust Fund,Airport and Airway Trust Fund,2016,14379000000.00,241.428,246.819,1.022329639,14700000000,15.13,https://www.fiscal.treasury.gov/fsreports/rpt/mthTreasStmt/mts0916.pdf,https://data.bls.gov/cgi-bin/surveymost?bls
Excise Taxes,Excise Taxes,Airport and Airway Trust Fund Refunds,Airport and Airway Trust Fund Refunds,2016,-13000000.00,241.428,246.819,1.022329639,-13000000,-0.01,https://www.fiscal.treasury.gov/fsreports/rpt/mthTreasStmt/mts0916.pdf,https://data.bls.gov/cgi-bin/surveymost?bls
Excise Taxes,Excise Taxes,Highway Trust Fund,Highway Trust Fund,2016,41434000000.00,241.428,246.819,1.022329639,42400000000,43.59,https://www.fiscal.treasury.gov/fsreports/rpt/mthTreasStmt/mts0916.pdf,https://data.bls.gov/cgi-bin/surveymost?bls
Excise Taxes,Excise Taxes,Highway Trust Fund Refunds,Highway Trust Fund Refunds,2016,-63000000.00,241.428,246.819,1.022329639,-64000000,-0.07,https://www.fiscal.treasury.gov/fsreports/rpt/mthTreasStmt/mts0916.pdf,https://data.bls.gov/cgi-bin/surveymost?bls
Excise Taxes,Excise Taxes,Black Lung Disability Trust Fund,Black Lung Disability Trust Fund,2016,466000000.00,241.428,246.819,1.022329639,476000000,0.49,https://www.fiscal.treasury.gov/fsreports/rpt/mthTreasStmt/mts0916.pdf,https://data.bls.gov/cgi-bin/surveymost?bls
Estate and Gift Taxes,Estate and Gift Taxes,,,2016,21354000000.00,241.428,246.819,1.022329639,21800000000,0.65,https://www.fiscal.treasury.gov/fsreports/rpt/mthTreasStmt/mts0916.pdf,https://data.bls.gov/cgi-bin/surveymost?bls
Estate and Gift Taxes,Estate and Gift Taxes,Estate and Gift Taxes,Estate and Gift Taxes,2016,22337000000.00,241.428,246.819,1.022329639,22800000000,104.6,https://www.fiscal.treasury.gov/fsreports/rpt/mthTreasStmt/mts0916.pdf,https://data.bls.gov/cgi-bin/surveymost?bls
Estate and Gift Taxes,Estate and Gift Taxes,Estate and Gift Taxes Refunds,Estate and Gift Taxes Refunds,2016,-983000000.00,241.428,246.819,1.022329639,-1010000000,-4.6,https://www.fiscal.treasury.gov/fsreports/rpt/mthTreasStmt/mts0916.pdf,https://data.bls.gov/cgi-bin/surveymost?bls
Customs Duties,Customs Duties,,,2016,34837000000.00,241.428,246.819,1.022329639,35600000000,1.07,https://www.fiscal.treasury.gov/fsreports/rpt/mthTreasStmt/mts0916.pdf,https://data.bls.gov/cgi-bin/surveymost?bls
Customs Duties,Customs Duties,Customs Duties,Customs Duties,2016,36468000000.00,241.428,246.819,1.022329639,37300000000,104.68,https://www.fiscal.treasury.gov/fsreports/rpt/mthTreasStmt/mts0916.pdf,https://data.bls.gov/cgi-bin/surveymost?bls
Customs Duties,Customs Duties,Customs Duties Refunds,Customs Duties Refunds,2016,-1630000000.00,241.428,246.819,1.022329639,-1670000000,-4.68,https://www.fiscal.treasury.gov/fsreports/rpt/mthTreasStmt/mts0916.pdf,https://data.bls.gov/cgi-bin/surveymost?bls
Miscellaneous Receipts,Income from Non-Tax Sources,,,2016,154743000000.00,241.428,246.819,1.022329639,1.58E+11,4.74,https://www.fiscal.treasury.gov/fsreports/rpt/mthTreasStmt/mts0916.pdf,https://data.bls.gov/cgi-bin/surveymost?bls
Miscellaneous Receipts,Income from Non-Tax Sources,"Deposit of Earnings, Federal Reserve System",Federal Reserve Deposit of Earnings,2016,115672000000.00,241.428,246.819,1.022329639,1.18E+11,74.75,https://www.fiscal.treasury.gov/fsreports/rpt/mthTreasStmt/mts0916.pdf,https://data.bls.gov/cgi-bin/surveymost?bls
Miscellaneous Receipts,Income from Non-Tax Sources,Universal Service Fund,Universal Service Fund,2016,9922000000.00,241.428,246.819,1.022329639,10100000000,6.41,https://www.fiscal.treasury.gov/fsreports/rpt/mthTreasStmt/mts0916.pdf,https://data.bls.gov/cgi-bin/surveymost?bls
Miscellaneous Receipts,Income from Non-Tax Sources,Other Miscellaneous Receipts,Other Income from Non-Tax Sources,2016,29206000000.00,241.428,246.819,1.022329639,29900000000,18.87,https://www.fiscal.treasury.gov/fsreports/rpt/mthTreasStmt/mts0916.pdf,https://data.bls.gov/cgi-bin/surveymost?bls
Miscellaneous Receipts,Income from Non-Tax Sources,Miscellaneous Receipts Refunds,Refunds on Income from Non-Tax Sources,2016,-57000000.00,241.428,246.819,1.022329639,-58000000,-0.04,https://www.fiscal.treasury.gov/fsreports/rpt/mthTreasStmt/mts0916.pdf,https://data.bls.gov/cgi-bin/surveymost?bls
Individual Income Taxes,Individual Income Taxes,,,2017,1587120000000.00,246.819,246.819,1,1.59E+12,47.88,https://www.fiscal.treasury.gov/fsreports/rpt/mthTreasStmt/mts0917.pdf,https://data.bls.gov/cgi-bin/surveymost?bls
Individual Income Taxes,Individual Income Taxes,Individual Income Taxes Withheld,Individual Income Taxes,2017,1309270000000.00,246.819,246.819,1,1.31E+12,82.49,https://www.fiscal.treasury.gov/fsreports/rpt/mthTreasStmt/mts0917.pdf,https://data.bls.gov/cgi-bin/surveymost?bls
Individual Income Taxes,Individual Income Taxes,Presidential Election Campaign Fund,Presidential Election Campaign Fund,2017,27000000.00,246.819,246.819,1,27000000,0,https://www.fiscal.treasury.gov/fsreports/rpt/mthTreasStmt/mts0917.pdf,https://data.bls.gov/cgi-bin/surveymost?bls
Individual Income Taxes,Individual Income Taxes,Other Individual Income Taxes,Other Individual Income Taxes,2017,539503000000.00,246.819,246.819,1,5.4E+11,33.99,https://www.fiscal.treasury.gov/fsreports/rpt/mthTreasStmt/mts0917.pdf,https://data.bls.gov/cgi-bin/surveymost?bls
Individual Income Taxes,Individual Income Taxes,Individual Income Taxes Refunds,Individual Income Taxes Refunds,2017,-261677000000.00,246.819,246.819,1,-2.62E+11,-16.49,https://www.fiscal.treasury.gov/fsreports/rpt/mthTreasStmt/mts0917.pdf,https://data.bls.gov/cgi-bin/surveymost?bls
Corporation Income Taxes,Corporate Income Taxes,,,2017,297048000000.00,246.819,246.819,1,2.97E+11,8.96,https://www.fiscal.treasury.gov/fsreports/rpt/mthTreasStmt/mts0917.pdf,https://data.bls.gov/cgi-bin/surveymost?bls
Corporation Income Taxes,Corporate Income Taxes,Corporation Income Taxes,Corporate Income Taxes,2017,338978000000.00,246.819,246.819,1,3.39E+11,114.12,https://www.fiscal.treasury.gov/fsreports/rpt/mthTreasStmt/mts0917.pdf,https://data.bls.gov/cgi-bin/surveymost?bls
Corporation Income Taxes,Corporate Income Taxes,Corporation Income Taxes Refunds,Corporate Income Taxes Refunds,2017,-41930000000.00,246.819,246.819,1,-41900000000,-14.12,https://www.fiscal.treasury.gov/fsreports/rpt/mthTreasStmt/mts0917.pdf,https://data.bls.gov/cgi-bin/surveymost?bls
Employment and General Retirement,"Social Security, Medicare, and General Retirement",,,2017,1111900000000.00,246.819,246.819,1,1.11E+12,33.54,https://www.fiscal.treasury.gov/fsreports/rpt/mthTreasStmt/mts0917.pdf,https://data.bls.gov/cgi-bin/surveymost?bls
Employment and General Retirement,"Social Security, Medicare, and General Retirement",Federal Old-Age and Survivors Insurance Trust Fund,Social Security: OASI,2017,690709000000.00,246.819,246.819,1,6.91E+11,62.12,https://www.fiscal.treasury.gov/fsreports/rpt/mthTreasStmt/mts0917.pdf,https://data.bls.gov/cgi-bin/surveymost?bls
Employment and General Retirement,"Social Security, Medicare, and General Retirement",Federal Old-Age and Survivors Insurance Trust Fund Refunds,Social Security OASI Refunds,2017,-2661000000.00,246.819,246.819,1,-2661000000,-0.24,https://www.fiscal.treasury.gov/fsreports/rpt/mthTreasStmt/mts0917.pdf,https://data.bls.gov/cgi-bin/surveymost?bls
Employment and General Retirement,"Social Security, Medicare, and General Retirement",Federal Disability Insurance Trust Fund,Social Security: DI,2017,163199000000.00,246.819,246.819,1,1.63E+11,14.68,https://www.fiscal.treasury.gov/fsreports/rpt/mthTreasStmt/mts0917.pdf,https://data.bls.gov/cgi-bin/surveymost?bls
Employment and General Retirement,"Social Security, Medicare, and General Retirement",Federal Disability Insurance Trust Fund Refunds,Social Security DI Refunds,2017,-629000000.00,246.819,246.819,1,-629000000,-0.06,https://www.fiscal.treasury.gov/fsreports/rpt/mthTreasStmt/mts0917.pdf,https://data.bls.gov/cgi-bin/surveymost?bls
Employment and General Retirement,"Social Security, Medicare, and General Retirement",Federal Hospital Insurance Trust Fund,Medicare Part A,2017,255930000000.00,246.819,246.819,1,2.56E+11,23.02,https://www.fiscal.treasury.gov/fsreports/rpt/mthTreasStmt/mts0917.pdf,https://data.bls.gov/cgi-bin/surveymost?bls
Employment and General Retirement,"Social Security, Medicare, and General Retirement",Railroad Retirement,Railroad Retirement,2017,5351000000.00,246.819,246.819,1,5350000000,0.48,https://www.fiscal.treasury.gov/fsreports/rpt/mthTreasStmt/mts0917.pdf,https://data.bls.gov/cgi-bin/surveymost?bls
Employment and General Retirement,"Social Security, Medicare, and General Retirement",Railroad Retirement Refunds,Railroad Retirement Refunds,2017,-2000000.00,246.819,246.819,1,-2000000,0,https://www.fiscal.treasury.gov/fsreports/rpt/mthTreasStmt/mts0917.pdf,https://data.bls.gov/cgi-bin/surveymost?bls
Unemployment Insurance,Unemployment Insurance,,,2017,45808000000.00,246.819,246.819,1,45800000000,1.38,https://www.fiscal.treasury.gov/fsreports/rpt/mthTreasStmt/mts0917.pdf,https://data.bls.gov/cgi-bin/surveymost?bls
Unemployment Insurance,Unemployment Insurance,Deposits by States,Deposits by States,2017,37551000000.00,246.819,246.819,1,37600000000,81.98,https://www.fiscal.treasury.gov/fsreports/rpt/mthTreasStmt/mts0917.pdf,https://data.bls.gov/cgi-bin/surveymost?bls
Unemployment Insurance,Unemployment Insurance,Federal Unemployment Taxes,Federal Unemployment Taxes,2017,8284000000.00,246.819,246.819,1,8280000000,18.08,https://www.fiscal.treasury.gov/fsreports/rpt/mthTreasStmt/mts0917.pdf,https://data.bls.gov/cgi-bin/surveymost?bls
Unemployment Insurance,Unemployment Insurance,Federal Unemployment Taxes Refunds,Federal Unemployment Taxes Refunds,2017,-154000000.00,246.819,246.819,1,-154000000,-0.34,https://www.fiscal.treasury.gov/fsreports/rpt/mthTreasStmt/mts0917.pdf,https://data.bls.gov/cgi-bin/surveymost?bls
Unemployment Insurance,Unemployment Insurance,Railroad Unemployment Taxes,Railroad Unemployment Taxes,2017,126000000.00,246.819,246.819,1,126000000,0.28,https://www.fiscal.treasury.gov/fsreports/rpt/mthTreasStmt/mts0917.pdf,https://data.bls.gov/cgi-bin/surveymost?bls
Other Retirement,Other Retirement,,,2017,4191000000.00,246.819,246.819,1,4190000000,0.13,https://www.fiscal.treasury.gov/fsreports/rpt/mthTreasStmt/mts0917.pdf,https://data.bls.gov/cgi-bin/surveymost?bls
Other Retirement,Other Retirement,Federal Employees' Retirement - Employee Share,Government Pension: FERS,2017,4157000000.00,246.819,246.819,1,4160000000,99.19,https://www.fiscal.treasury.gov/fsreports/rpt/mthTreasStmt/mts0917.pdf,https://data.bls.gov/cgi-bin/surveymost?bls
Other Retirement,Other Retirement,Non-Federal Employees' Retirement,Civil Service Retirement Fund,2017,34000000.00,246.819,246.819,1,34000000,0.81,https://www.fiscal.treasury.gov/fsreports/rpt/mthTreasStmt/mts0917.pdf,https://data.bls.gov/cgi-bin/surveymost?bls
Excise Taxes,Excise Taxes,,,2017,83822000000.00,246.819,246.819,1,83800000000,2.53,https://www.fiscal.treasury.gov/fsreports/rpt/mthTreasStmt/mts0917.pdf,https://data.bls.gov/cgi-bin/surveymost?bls
Excise Taxes,Excise Taxes,Miscellaneous Excise Taxes,Other Excise Taxes,2017,32494000000.00,246.819,246.819,1,32500000000,38.77,https://www.fiscal.treasury.gov/fsreports/rpt/mthTreasStmt/mts0917.pdf,https://data.bls.gov/cgi-bin/surveymost?bls
Excise Taxes,Excise Taxes,Miscellaneous Excise Taxes Refunds,Other Excise Taxes Refunds,2017,-5160000000.00,246.819,246.819,1,-5160000000,-6.16,https://www.fiscal.treasury.gov/fsreports/rpt/mthTreasStmt/mts0917.pdf,https://data.bls.gov/cgi-bin/surveymost?bls
Excise Taxes,Excise Taxes,Airport and Airway Trust Fund,Airport and Airway Trust Fund,2017,14952000000.00,246.819,246.819,1,15000000000,17.84,https://www.fiscal.treasury.gov/fsreports/rpt/mthTreasStmt/mts0917.pdf,https://data.bls.gov/cgi-bin/surveymost?bls
Excise Taxes,Excise Taxes,Airport and Airway Trust Fund Refunds,Airport and Airway Trust Fund Refunds,2017,-15000000.00,246.819,246.819,1,-15000000,-0.02,https://www.fiscal.treasury.gov/fsreports/rpt/mthTreasStmt/mts0917.pdf,https://data.bls.gov/cgi-bin/surveymost?bls
Excise Taxes,Excise Taxes,Highway Trust Fund,Highway Trust Fund,2017,41558000000.00,246.819,246.819,1,41600000000,49.58,https://www.fiscal.treasury.gov/fsreports/rpt/mthTreasStmt/mts0917.pdf,https://data.bls.gov/cgi-bin/surveymost?bls
Excise Taxes,Excise Taxes,Highway Trust Fund Refunds,Highway Trust Fund Refunds,2017,-432000000.00,246.819,246.819,1,-432000000,-0.52,https://www.fiscal.treasury.gov/fsreports/rpt/mthTreasStmt/mts0917.pdf,https://data.bls.gov/cgi-bin/surveymost?bls
Excise Taxes,Excise Taxes,Black Lung Disability Trust Fund,Black Lung Disability Trust Fund,2017,425000000.00,246.819,246.819,1,425000000,0.51,https://www.fiscal.treasury.gov/fsreports/rpt/mthTreasStmt/mts0917.pdf,https://data.bls.gov/cgi-bin/surveymost?bls
Estate and Gift Taxes,Estate and Gift Taxes,,,2017,22768000000.00,246.819,246.819,1,22800000000,0.69,https://www.fiscal.treasury.gov/fsreports/rpt/mthTreasStmt/mts0917.pdf,https://data.bls.gov/cgi-bin/surveymost?bls
Estate and Gift Taxes,Estate and Gift Taxes,Estate and Gift Taxes,Estate and Gift Taxes,2017,23780000000.00,246.819,246.819,1,23800000000,104.45,https://www.fiscal.treasury.gov/fsreports/rpt/mthTreasStmt/mts0917.pdf,https://data.bls.gov/cgi-bin/surveymost?bls
Estate and Gift Taxes,Estate and Gift Taxes,Estate and Gift Taxes Refunds,Estate and Gift Taxes Refunds,2017,-1013000000.00,246.819,246.819,1,-1010000000,-4.45,https://www.fiscal.treasury.gov/fsreports/rpt/mthTreasStmt/mts0917.pdf,https://data.bls.gov/cgi-bin/surveymost?bls
Customs Duties,Customs Duties,,,2017,34575000000.00,246.819,246.819,1,34600000000,1.04,https://www.fiscal.treasury.gov/fsreports/rpt/mthTreasStmt/mts0917.pdf,https://data.bls.gov/cgi-bin/surveymost?bls
Customs Duties,Customs Duties,Customs Duties,Customs Duties,2017,36260000000.00,246.819,246.819,1,36300000000,104.87,https://www.fiscal.treasury.gov/fsreports/rpt/mthTreasStmt/mts0917.pdf,https://data.bls.gov/cgi-bin/surveymost?bls
Customs Duties,Customs Duties,Customs Duties Refunds,Customs Duties Refunds,2017,-1685000000.00,246.819,246.819,1,-1690000000,-4.87,https://www.fiscal.treasury.gov/fsreports/rpt/mthTreasStmt/mts0917.pdf,https://data.bls.gov/cgi-bin/surveymost?bls
Miscellaneous Receipts,Income from Non-Tax Sources,,,2017,127666000000.00,246.819,246.819,1,1.28E+11,3.85,https://www.fiscal.treasury.gov/fsreports/rpt/mthTreasStmt/mts0917.pdf,https://data.bls.gov/cgi-bin/surveymost?bls
Miscellaneous Receipts,Income from Non-Tax Sources,"Deposit of Earnings, Federal Reserve System",Federal Reserve Deposit of Earnings,2017,81287000000.00,246.819,246.819,1,81300000000,63.67,https://www.fiscal.treasury.gov/fsreports/rpt/mthTreasStmt/mts0917.pdf,https://data.bls.gov/cgi-bin/surveymost?bls
Miscellaneous Receipts,Income from Non-Tax Sources,Universal Service Fund,Universal Service Fund,2017,9154000000.00,246.819,246.819,1,9150000000,7.17,https://www.fiscal.treasury.gov/fsreports/rpt/mthTreasStmt/mts0917.pdf,https://data.bls.gov/cgi-bin/surveymost?bls
Miscellaneous Receipts,Income from Non-Tax Sources,Other Miscellaneous Receipts,Other Income from Non-Tax Sources,2017,37275000000.00,246.819,246.819,1,37300000000,29.2,https://www.fiscal.treasury.gov/fsreports/rpt/mthTreasStmt/mts0917.pdf,https://data.bls.gov/cgi-bin/surveymost?bls
Miscellaneous Receipts,Income from Non-Tax Sources,Miscellaneous Receipts Refunds,Refunds on Income from Non-Tax Sources,2017,-50000000.00,246.819,246.819,1,-50000000,-0.04,https://www.fiscal.treasury.gov/fsreports/rpt/mthTreasStmt/mts0917.pdf,https://data.bls.gov/cgi-bin/surveymost?bls
