"parent","parent_plain","child","child_plain","fiscal_year","federal_revenue","cpi_auc_start","cpi_auc_end","inflation_rate","federal_revenue_adjusted","percent_total","federal_revenue_source_url","federal_revenue_source_url_name","cpi_source_url","cpi_source_url_name"
"Individual Income Taxes","Individual Income Taxes","","",2015,1540802375213,237.945,256.759,1.07906869234487,1662631604183,47.43,"Monthly Treasury Statement","https://www.fiscal.treasury.gov/files/reports-statements/mts/mts0915.pdf","Bureau of Labor Statistics","https://data.bls.gov/cgi-bin/surveymost?bls"
"Individual Income Taxes","Individual Income Taxes","Individual Income Taxes Refunds","Individual Income Taxes Refunds",2015,-234353572144,237.945,256.759,1.07906869234487,-252883602640,-15.21,"Monthly Treasury Statement","https://www.fiscal.treasury.gov/files/reports-statements/mts/mts0915.pdf","Bureau of Labor Statistics","https://data.bls.gov/cgi-bin/surveymost?bls"
"Individual Income Taxes","Individual Income Taxes","Individual Income Taxes Withheld","Individual Income Taxes Withheld",2015,1220162501600,237.945,256.759,1.07906869234487,1316639155049,79.19,"Monthly Treasury Statement","https://www.fiscal.treasury.gov/files/reports-statements/mts/mts0915.pdf","Bureau of Labor Statistics","https://data.bls.gov/cgi-bin/surveymost?bls"
"Individual Income Taxes","Individual Income Taxes","Presidential Election Campaign Fund","Presidential Election Campaign Fund",2015,30060354,237.945,256.759,1.07906869234487,32437187,0,"Monthly Treasury Statement","https://www.fiscal.treasury.gov/files/reports-statements/mts/mts0915.pdf","Bureau of Labor Statistics","https://data.bls.gov/cgi-bin/surveymost?bls"
"Individual Income Taxes","Individual Income Taxes","Other Individual Income Taxes","Other Individual Income Taxes",2015,554963385403,237.945,256.759,1.07906869234487,598843614586,36.02,"Monthly Treasury Statement","https://www.fiscal.treasury.gov/files/reports-statements/mts/mts0915.pdf","Bureau of Labor Statistics","https://data.bls.gov/cgi-bin/surveymost?bls"
"Corporation Income Taxes","Corporate Income Taxes","","",2015,343797276067,237.945,256.759,1.07906869234487,370980877117,10.58,"Monthly Treasury Statement","https://www.fiscal.treasury.gov/files/reports-statements/mts/mts0915.pdf","Bureau of Labor Statistics","https://data.bls.gov/cgi-bin/surveymost?bls"
"Corporation Income Taxes","Corporate Income Taxes","Corporation Income Taxes Refunds","Corporate Income Taxes Refunds",2015,-46495007193,237.945,256.759,1.07906869234487,-50171306612,-13.52,"Monthly Treasury Statement","https://www.fiscal.treasury.gov/files/reports-statements/mts/mts0915.pdf","Bureau of Labor Statistics","https://data.bls.gov/cgi-bin/surveymost?bls"
"Corporation Income Taxes","Corporate Income Taxes","Corporation Income Taxes","Corporate Income Taxes",2015,390292283260,237.945,256.759,1.07906869234487,421152183730,113.52,"Monthly Treasury Statement","https://www.fiscal.treasury.gov/files/reports-statements/mts/mts0915.pdf","Bureau of Labor Statistics","https://data.bls.gov/cgi-bin/surveymost?bls"
"Employment and General Retirement","Social Security and Medicare Taxes","","",2015,1004582794653,237.945,256.759,1.07906869234487,1084013842578,30.92,"Monthly Treasury Statement","https://www.fiscal.treasury.gov/files/reports-statements/mts/mts0915.pdf","Bureau of Labor Statistics","https://data.bls.gov/cgi-bin/surveymost?bls"
"Employment and General Retirement","Social Security and Medicare Taxes","Federal Old-Age and Survivors Insurance Trust Fund","Social Security - Old-Age and Survivors Insurance Trust Fund Taxes",2015,660956103299,237.945,256.759,1.07906869234487,713217038084,65.79,"Monthly Treasury Statement","https://www.fiscal.treasury.gov/files/reports-statements/mts/mts0915.pdf","Bureau of Labor Statistics","https://data.bls.gov/cgi-bin/surveymost?bls"
"Employment and General Retirement","Social Security and Medicare Taxes","Federal Old-Age and Survivors Insurance Trust Fund Refunds","Social Security - Old-Age and Survivors Insurance Trust Fund Taxes Refunds",2015,-2394010000,237.945,256.759,1.07906869234487,-2583301240,-0.24,"Monthly Treasury Statement","https://www.fiscal.treasury.gov/files/reports-statements/mts/mts0915.pdf","Bureau of Labor Statistics","https://data.bls.gov/cgi-bin/surveymost?bls"
"Employment and General Retirement","Social Security and Medicare Taxes","Federal Disability Insurance Trust Fund","Social Security - Disability Insurance Trust Fund Taxes",2015,112238538103,237.945,256.759,1.07906869234487,121113092542,11.17,"Monthly Treasury Statement","https://www.fiscal.treasury.gov/files/reports-statements/mts/mts0915.pdf","Bureau of Labor Statistics","https://data.bls.gov/cgi-bin/surveymost?bls"
"Employment and General Retirement","Social Security and Medicare Taxes","Federal Disability Insurance Trust Fund Refunds","Social Security - Disability Insurance Trust Fund Taxes Refunds",2015,-406530000,237.945,256.759,1.07906869234487,-438673795,-0.04,"Monthly Treasury Statement","https://www.fiscal.treasury.gov/files/reports-statements/mts/mts0915.pdf","Bureau of Labor Statistics","https://data.bls.gov/cgi-bin/surveymost?bls"
"Employment and General Retirement","Social Security and Medicare Taxes","Federal Hospital Insurance Trust Fund","Medicare Part A Taxes",2015,234188693250,237.945,256.759,1.07906869234487,252705686988,23.31,"Monthly Treasury Statement","https://www.fiscal.treasury.gov/files/reports-statements/mts/mts0915.pdf","Bureau of Labor Statistics","https://data.bls.gov/cgi-bin/surveymost?bls"
"Employment and General Retirement","Other Retirement","Railroad Retirement","Railroad Retirement",2015,5867697308,237.945,256.759,1.07906869234487,6331648461,61.65,"Monthly Treasury Statement","https://www.fiscal.treasury.gov/files/reports-statements/mts/mts0915.pdf","Bureau of Labor Statistics","https://data.bls.gov/cgi-bin/surveymost?bls"
"Employment and General Retirement","Other Retirement","Railroad Retirement Refunds","Railroad Retirement Refunds",2015,-1738348,237.945,256.759,1.07906869234487,-1875797,-0.02,"Monthly Treasury Statement","https://www.fiscal.treasury.gov/files/reports-statements/mts/mts0915.pdf","Bureau of Labor Statistics","https://data.bls.gov/cgi-bin/surveymost?bls"
"Unemployment Insurance","Unemployment Insurance","","",2015,51177428273,237.945,256.759,1.07906869234487,55223960604,1.58,"Monthly Treasury Statement","https://www.fiscal.treasury.gov/files/reports-statements/mts/mts0915.pdf","Bureau of Labor Statistics","https://data.bls.gov/cgi-bin/surveymost?bls"
"Unemployment Insurance","Unemployment Insurance","Deposits by States","Deposits by States",2015,42176674301,237.945,256.759,1.07906869234487,45511528785,82.41,"Monthly Treasury Statement","https://www.fiscal.treasury.gov/files/reports-statements/mts/mts0915.pdf","Bureau of Labor Statistics","https://data.bls.gov/cgi-bin/surveymost?bls"
"Unemployment Insurance","Unemployment Insurance","Federal Unemployment Taxes","Federal Unemployment Taxes",2015,9107883736,237.945,256.759,1.07906869234487,9828032193,17.8,"Monthly Treasury Statement","https://www.fiscal.treasury.gov/files/reports-statements/mts/mts0915.pdf","Bureau of Labor Statistics","https://data.bls.gov/cgi-bin/surveymost?bls"
"Unemployment Insurance","Unemployment Insurance","Federal Unemployment Taxes Refunds","Federal Unemployment Taxes Refunds",2015,-181926405,237.945,256.759,1.07906869234487,-196311088,-0.36,"Monthly Treasury Statement","https://www.fiscal.treasury.gov/files/reports-statements/mts/mts0915.pdf","Bureau of Labor Statistics","https://data.bls.gov/cgi-bin/surveymost?bls"
"Unemployment Insurance","Unemployment Insurance","Railroad Unemployment Taxes","Railroad Unemployment Taxes",2015,74796640,237.945,256.759,1.07906869234487,80710713,0.15,"Monthly Treasury Statement","https://www.fiscal.treasury.gov/files/reports-statements/mts/mts0915.pdf","Bureau of Labor Statistics","https://data.bls.gov/cgi-bin/surveymost?bls"
"Other Retirement","Other Retirement","","",2015,9517129950,237.945,256.759,1.07906869234487,10269636970,0.29,"Monthly Treasury Statement","https://www.fiscal.treasury.gov/files/reports-statements/mts/mts0915.pdf","Bureau of Labor Statistics","https://data.bls.gov/cgi-bin/surveymost?bls"
"Other Retirement","Other Retirement","Federal Employees' Retirement - Employee Share","Federal Government Pension: FERS",2015,3627817807,237.945,256.759,1.07906869234487,3914664618,38.12,"Monthly Treasury Statement","https://www.fiscal.treasury.gov/files/reports-statements/mts/mts0915.pdf","Bureau of Labor Statistics","https://data.bls.gov/cgi-bin/surveymost?bls"
"Other Retirement","Other Retirement","Non-Federal Federal Employees' Retirement","Non-Federal Federal Employees' Retirement",2015,23353182,237.945,256.759,1.07906869234487,25199688,0.25,"Monthly Treasury Statement","https://www.fiscal.treasury.gov/files/reports-statements/mts/mts0915.pdf","Bureau of Labor Statistics","https://data.bls.gov/cgi-bin/surveymost?bls"
"Excise Taxes","Excise Taxes","","",2015,98278948224,237.945,256.759,1.07906869234487,106049736145,3.03,"Monthly Treasury Statement","https://www.fiscal.treasury.gov/files/reports-statements/mts/mts0915.pdf","Bureau of Labor Statistics","https://data.bls.gov/cgi-bin/surveymost?bls"
"Excise Taxes","Excise Taxes","Miscellaneous Excise Taxes","Miscellaneous Excise Taxes",2015,50801405427,237.945,256.759,1.07906869234487,54818206123,51.69,"Monthly Treasury Statement","https://www.fiscal.treasury.gov/files/reports-statements/mts/mts0915.pdf","Bureau of Labor Statistics","https://data.bls.gov/cgi-bin/surveymost?bls"
"Excise Taxes","Excise Taxes","Miscellaneous Excise Taxes Refunds","Miscellaneous Excise Taxes Refunds",2015,-4584744596,237.945,256.759,1.07906869234487,-4947254356,-4.67,"Monthly Treasury Statement","https://www.fiscal.treasury.gov/files/reports-statements/mts/mts0915.pdf","Bureau of Labor Statistics","https://data.bls.gov/cgi-bin/surveymost?bls"
"Excise Taxes","Excise Taxes","Airport and Airway Trust Fund","Airport and Airway Trust Fund",2015,13402905761,237.945,256.759,1.07906869234487,14462655993,13.64,"Monthly Treasury Statement","https://www.fiscal.treasury.gov/files/reports-statements/mts/mts0915.pdf","Bureau of Labor Statistics","https://data.bls.gov/cgi-bin/surveymost?bls"
"Excise Taxes","Excise Taxes","Airport and Airway Trust Fund Refunds","Airport and Airway Trust Fund Refunds",2015,-19052057,237.945,256.759,1.07906869234487,-20558478,-0.02,"Monthly Treasury Statement","https://www.fiscal.treasury.gov/files/reports-statements/mts/mts0915.pdf","Bureau of Labor Statistics","https://data.bls.gov/cgi-bin/surveymost?bls"
"Excise Taxes","Excise Taxes","Highway Trust Fund","Highway Trust Fund",2015,38131980757,237.945,256.759,1.07906869234487,41147026612,38.8,"Monthly Treasury Statement","https://www.fiscal.treasury.gov/files/reports-statements/mts/mts0915.pdf","Bureau of Labor Statistics","https://data.bls.gov/cgi-bin/surveymost?bls"
"Excise Taxes","Excise Taxes","Highway Trust Fund Refunds","Highway Trust Fund Refunds",2015,0,237.945,256.759,1.07906869234487,0,0,"Monthly Treasury Statement","https://www.fiscal.treasury.gov/files/reports-statements/mts/mts0915.pdf","Bureau of Labor Statistics","https://data.bls.gov/cgi-bin/surveymost?bls"
"Excise Taxes","Excise Taxes","Black Lung Disability Trust Fund","Black Lung Disability Trust Fund",2015,546452932,237.945,256.759,1.07906869234487,589660251,0.56,"Monthly Treasury Statement","https://www.fiscal.treasury.gov/files/reports-statements/mts/mts0915.pdf","Bureau of Labor Statistics","https://data.bls.gov/cgi-bin/surveymost?bls"
"Estate and Gift Taxes","Estate and Gift Taxes","","",2015,19231606071,237.945,256.759,1.07906869234487,20752224015,0.59,"Monthly Treasury Statement","https://www.fiscal.treasury.gov/files/reports-statements/mts/mts0915.pdf","Bureau of Labor Statistics","https://data.bls.gov/cgi-bin/surveymost?bls"
"Estate and Gift Taxes","Estate and Gift Taxes","Estate and Gift Taxes Refunds","Estate and Gift Taxes Refunds",2015,-810433029,237.945,256.759,1.07906869234487,-874512909,-4.21,"Monthly Treasury Statement","https://www.fiscal.treasury.gov/files/reports-statements/mts/mts0915.pdf","Bureau of Labor Statistics","https://data.bls.gov/cgi-bin/surveymost?bls"
"Estate and Gift Taxes","Estate and Gift Taxes","Estate and Gift Taxes","Estate and Gift Taxes",2015,20042039101,237.945,256.759,1.07906869234487,21626736924,104.21,"Monthly Treasury Statement","https://www.fiscal.treasury.gov/files/reports-statements/mts/mts0915.pdf","Bureau of Labor Statistics","https://data.bls.gov/cgi-bin/surveymost?bls"
"Customs Duties","Customs Duties","","",2015,35041196205,237.945,256.759,1.07906869234487,37811857767,1.08,"Monthly Treasury Statement","https://www.fiscal.treasury.gov/files/reports-statements/mts/mts0915.pdf","Bureau of Labor Statistics","https://data.bls.gov/cgi-bin/surveymost?bls"
"Customs Duties","Customs Duties","Customs Duties Refunds","Customs Duties Refunds",2015,-2664712690,237.945,256.759,1.07906869234487,-2875408038,-7.6,"Monthly Treasury Statement","https://www.fiscal.treasury.gov/files/reports-statements/mts/mts0915.pdf","Bureau of Labor Statistics","https://data.bls.gov/cgi-bin/surveymost?bls"
"Customs Duties","Customs Duties","Customs Duties","Customs Duties",2015,37705908895,237.945,256.759,1.07906869234487,40687265805,107.6,"Monthly Treasury Statement","https://www.fiscal.treasury.gov/files/reports-statements/mts/mts0915.pdf","Bureau of Labor Statistics","https://data.bls.gov/cgi-bin/surveymost?bls"
"Miscellaneous Receipts","Miscellaneous Revenue","","",2015,146294446260,237.945,256.759,1.07906869234487,157861756824,4.5,"Monthly Treasury Statement","https://www.fiscal.treasury.gov/files/reports-statements/mts/mts0915.pdf","Bureau of Labor Statistics","https://data.bls.gov/cgi-bin/surveymost?bls"
"Miscellaneous Receipts","Miscellaneous Revenue","Miscellaneous Receipts Refunds","Miscellaneous Receipts Refunds",2015,-33518203,237.945,256.759,1.07906869234487,-36168444,-0.02,"Monthly Treasury Statement","https://www.fiscal.treasury.gov/files/reports-statements/mts/mts0915.pdf","Bureau of Labor Statistics","https://data.bls.gov/cgi-bin/surveymost?bls"
"Miscellaneous Receipts","Miscellaneous Revenue","Deposit of Earnings, Federal Reserve System","Federal Reserve Deposit of Earnings",2015,96467554322,237.945,256.759,1.07906869234487,104095117696,65.94,"Monthly Treasury Statement","https://www.fiscal.treasury.gov/files/reports-statements/mts/mts0915.pdf","Bureau of Labor Statistics","https://data.bls.gov/cgi-bin/surveymost?bls"
"Miscellaneous Receipts","Miscellaneous Revenue","Universal Service Fund","Universal Service Fund",2015,9556277793,237.945,256.759,1.07906869234487,10311880182,6.53,"Monthly Treasury Statement","https://www.fiscal.treasury.gov/files/reports-statements/mts/mts0915.pdf","Bureau of Labor Statistics","https://data.bls.gov/cgi-bin/surveymost?bls"
"Miscellaneous Receipts","Miscellaneous Revenue","Other Miscellaneous Receipts","Other Miscellaneous Revenue",2015,40304132349,237.945,256.759,1.07906869234487,43490927390,27.55,"Monthly Treasury Statement","https://www.fiscal.treasury.gov/files/reports-statements/mts/mts0915.pdf","Bureau of Labor Statistics","https://data.bls.gov/cgi-bin/surveymost?bls"
"Individual Income Taxes","Individual Income Taxes","","",2016,1546074928108,241.428,256.759,1.06350133373097,1644252748091,47.33,"Monthly Treasury Statement","https://www.fiscal.treasury.gov/files/reports-statements/mts/mts0916.pdf","Bureau of Labor Statistics","https://data.bls.gov/cgi-bin/surveymost?bls"
"Individual Income Taxes","Individual Income Taxes","Individual Income Taxes Refunds","Individual Income Taxes Refunds",2016,-251285655185,241.428,256.759,1.06350133373097,-267242629436,-16.25,"Monthly Treasury Statement","https://www.fiscal.treasury.gov/files/reports-statements/mts/mts0916.pdf","Bureau of Labor Statistics","https://data.bls.gov/cgi-bin/surveymost?bls"
"Individual Income Taxes","Individual Income Taxes","Individual Income Taxes Withheld","Individual Income Taxes Withheld",2016,1245698622742,241.428,256.759,1.06350133373097,1324802146713,80.57,"Monthly Treasury Statement","https://www.fiscal.treasury.gov/files/reports-statements/mts/mts0916.pdf","Bureau of Labor Statistics","https://data.bls.gov/cgi-bin/surveymost?bls"
"Individual Income Taxes","Individual Income Taxes","Presidential Election Campaign Fund","Presidential Election Campaign Fund",2016,28616487,241.428,256.759,1.06350133373097,30433672,0,"Monthly Treasury Statement","https://www.fiscal.treasury.gov/files/reports-statements/mts/mts0916.pdf","Bureau of Labor Statistics","https://data.bls.gov/cgi-bin/surveymost?bls"
"Individual Income Taxes","Individual Income Taxes","Other Individual Income Taxes","Other Individual Income Taxes",2016,551633344064,241.428,256.759,1.06350133373097,586662797142,35.68,"Monthly Treasury Statement","https://www.fiscal.treasury.gov/files/reports-statements/mts/mts0916.pdf","Bureau of Labor Statistics","https://data.bls.gov/cgi-bin/surveymost?bls"
"Corporation Income Taxes","Corporate Income Taxes","","",2016,299570939628,241.428,256.759,1.06350133373097,318594093842,9.17,"Monthly Treasury Statement","https://www.fiscal.treasury.gov/files/reports-statements/mts/mts0916.pdf","Bureau of Labor Statistics","https://data.bls.gov/cgi-bin/surveymost?bls"
"Corporation Income Taxes","Corporate Income Taxes","Corporation Income Taxes Refunds","Corporate Income Taxes Refunds",2016,-46410816532,241.428,256.759,1.06350133373097,-49357965281,-15.49,"Monthly Treasury Statement","https://www.fiscal.treasury.gov/files/reports-statements/mts/mts0916.pdf","Bureau of Labor Statistics","https://data.bls.gov/cgi-bin/surveymost?bls"
"Corporation Income Taxes","Corporate Income Taxes","Corporation Income Taxes","Corporate Income Taxes",2016,345981756160,241.428,256.759,1.06350133373097,367952059123,115.49,"Monthly Treasury Statement","https://www.fiscal.treasury.gov/files/reports-statements/mts/mts0916.pdf","Bureau of Labor Statistics","https://data.bls.gov/cgi-bin/surveymost?bls"
"Employment and General Retirement","Social Security and Medicare Taxes","","",2016,1056991999998,241.428,256.759,1.06350133373097,1124112401741,32.36,"Monthly Treasury Statement","https://www.fiscal.treasury.gov/files/reports-statements/mts/mts0916.pdf","Bureau of Labor Statistics","https://data.bls.gov/cgi-bin/surveymost?bls"
"Employment and General Retirement","Social Security and Medicare Taxes","Federal Old-Age and Survivors Insurance Trust Fund","Social Security - Old-Age and Survivors Insurance Trust Fund Taxes",2016,668372384350,241.428,256.759,1.06350133373097,710814922185,63.23,"Monthly Treasury Statement","https://www.fiscal.treasury.gov/files/reports-statements/mts/mts0916.pdf","Bureau of Labor Statistics","https://data.bls.gov/cgi-bin/surveymost?bls"
"Employment and General Retirement","Social Security and Medicare Taxes","Federal Old-Age and Survivors Insurance Trust Fund Refunds","Social Security - Old-Age and Survivors Insurance Trust Fund Taxes Refunds",2016,-2700297000,241.428,256.759,1.06350133373097,-2871769461,-0.26,"Monthly Treasury Statement","https://www.fiscal.treasury.gov/files/reports-statements/mts/mts0916.pdf","Bureau of Labor Statistics","https://data.bls.gov/cgi-bin/surveymost?bls"
"Employment and General Retirement","Social Security and Medicare Taxes","Federal Disability Insurance Trust Fund","Social Security - Disability Insurance Trust Fund Taxes",2016,144966307476,241.428,256.759,1.06350133373097,154171861347,13.71,"Monthly Treasury Statement","https://www.fiscal.treasury.gov/files/reports-statements/mts/mts0916.pdf","Bureau of Labor Statistics","https://data.bls.gov/cgi-bin/surveymost?bls"
"Employment and General Retirement","Social Security and Medicare Taxes","Federal Disability Insurance Trust Fund Refunds","Social Security - Disability Insurance Trust Fund Taxes Refunds",2016,-458541000,241.428,256.759,1.06350133373097,-487658965,-0.04,"Monthly Treasury Statement","https://www.fiscal.treasury.gov/files/reports-statements/mts/mts0916.pdf","Bureau of Labor Statistics","https://data.bls.gov/cgi-bin/surveymost?bls"
"Employment and General Retirement","Social Security and Medicare Taxes","Federal Hospital Insurance Trust Fund","Medicare Part A Taxes",2016,246812146172,241.428,256.759,1.06350133373097,262485046635,23.35,"Monthly Treasury Statement","https://www.fiscal.treasury.gov/files/reports-statements/mts/mts0916.pdf","Bureau of Labor Statistics","https://data.bls.gov/cgi-bin/surveymost?bls"
"Employment and General Retirement","Other Retirement","Railroad Retirement","Railroad Retirement",2016,5316647512,241.428,256.759,1.06350133373097,5654261720,57.68,"Monthly Treasury Statement","https://www.fiscal.treasury.gov/files/reports-statements/mts/mts0916.pdf","Bureau of Labor Statistics","https://data.bls.gov/cgi-bin/surveymost?bls"
"Employment and General Retirement","Other Retirement","Railroad Retirement Refunds","Railroad Retirement Refunds",2016,-3636346,241.428,256.759,1.06350133373097,-3867258,-0.04,"Monthly Treasury Statement","https://www.fiscal.treasury.gov/files/reports-statements/mts/mts0916.pdf","Bureau of Labor Statistics","https://data.bls.gov/cgi-bin/surveymost?bls"
"Unemployment Insurance","Unemployment Insurance","","",2016,48852716273,241.428,256.759,1.06350133373097,51954928913,1.5,"Monthly Treasury Statement","https://www.fiscal.treasury.gov/files/reports-statements/mts/mts0916.pdf","Bureau of Labor Statistics","https://data.bls.gov/cgi-bin/surveymost?bls"
"Unemployment Insurance","Unemployment Insurance","Deposits by States","Deposits by States",2016,40485353919,241.428,256.759,1.06350133373097,43056227889,82.87,"Monthly Treasury Statement","https://www.fiscal.treasury.gov/files/reports-statements/mts/mts0916.pdf","Bureau of Labor Statistics","https://data.bls.gov/cgi-bin/surveymost?bls"
"Unemployment Insurance","Unemployment Insurance","Federal Unemployment Taxes","Federal Unemployment Taxes",2016,8440229176,241.428,256.759,1.06350133373097,8976194985,17.28,"Monthly Treasury Statement","https://www.fiscal.treasury.gov/files/reports-statements/mts/mts0916.pdf","Bureau of Labor Statistics","https://data.bls.gov/cgi-bin/surveymost?bls"
"Unemployment Insurance","Unemployment Insurance","Federal Unemployment Taxes Refunds","Federal Unemployment Taxes Refunds",2016,-190082879,241.428,256.759,1.06350133373097,-202153396,-0.39,"Monthly Treasury Statement","https://www.fiscal.treasury.gov/files/reports-statements/mts/mts0916.pdf","Bureau of Labor Statistics","https://data.bls.gov/cgi-bin/surveymost?bls"
"Unemployment Insurance","Unemployment Insurance","Railroad Unemployment Taxes","Railroad Unemployment Taxes",2016,117216058,241.428,256.759,1.06350133373097,124659434,0.24,"Monthly Treasury Statement","https://www.fiscal.treasury.gov/files/reports-statements/mts/mts0916.pdf","Bureau of Labor Statistics","https://data.bls.gov/cgi-bin/surveymost?bls"
"Other Retirement","Other Retirement","","",2016,9218102887,241.428,256.759,1.06350133373097,9803464715,0.28,"Monthly Treasury Statement","https://www.fiscal.treasury.gov/files/reports-statements/mts/mts0916.pdf","Bureau of Labor Statistics","https://data.bls.gov/cgi-bin/surveymost?bls"
"Other Retirement","Other Retirement","Federal Employees' Retirement - Employee Share","Federal Government Pension: FERS",2016,3875641383,241.428,256.759,1.06350133373097,4121749779,42.04,"Monthly Treasury Statement","https://www.fiscal.treasury.gov/files/reports-statements/mts/mts0916.pdf","Bureau of Labor Statistics","https://data.bls.gov/cgi-bin/surveymost?bls"
"Other Retirement","Other Retirement","Non-Federal Federal Employees' Retirement","Non-Federal Federal Employees' Retirement",2016,29450338,241.428,256.759,1.06350133373097,31320474,0.32,"Monthly Treasury Statement","https://www.fiscal.treasury.gov/files/reports-statements/mts/mts0916.pdf","Bureau of Labor Statistics","https://data.bls.gov/cgi-bin/surveymost?bls"
"Excise Taxes","Excise Taxes","","",2016,95045415455,241.428,256.759,1.06350133373097,101080926101,2.91,"Monthly Treasury Statement","https://www.fiscal.treasury.gov/files/reports-statements/mts/mts0916.pdf","Bureau of Labor Statistics","https://data.bls.gov/cgi-bin/surveymost?bls"
"Excise Taxes","Excise Taxes","Miscellaneous Excise Taxes","Miscellaneous Excise Taxes",2016,45280950462,241.428,256.759,1.06350133373097,48156351209,47.64,"Monthly Treasury Statement","https://www.fiscal.treasury.gov/files/reports-statements/mts/mts0916.pdf","Bureau of Labor Statistics","https://data.bls.gov/cgi-bin/surveymost?bls"
"Excise Taxes","Excise Taxes","Miscellaneous Excise Taxes Refunds","Miscellaneous Excise Taxes Refunds",2016,-6437725747,241.428,256.759,1.06350133373097,-6846529918,-6.77,"Monthly Treasury Statement","https://www.fiscal.treasury.gov/files/reports-statements/mts/mts0916.pdf","Bureau of Labor Statistics","https://data.bls.gov/cgi-bin/surveymost?bls"
"Excise Taxes","Excise Taxes","Airport and Airway Trust Fund","Airport and Airway Trust Fund",2016,14378886981,241.428,256.759,1.06350133373097,15291965482,15.13,"Monthly Treasury Statement","https://www.fiscal.treasury.gov/files/reports-statements/mts/mts0916.pdf","Bureau of Labor Statistics","https://data.bls.gov/cgi-bin/surveymost?bls"
"Excise Taxes","Excise Taxes","Airport and Airway Trust Fund Refunds","Airport and Airway Trust Fund Refunds",2016,-13441633,241.428,256.759,1.06350133373097,-14295194,-0.01,"Monthly Treasury Statement","https://www.fiscal.treasury.gov/files/reports-statements/mts/mts0916.pdf","Bureau of Labor Statistics","https://data.bls.gov/cgi-bin/surveymost?bls"
"Excise Taxes","Excise Taxes","Highway Trust Fund","Highway Trust Fund",2016,41433764019,241.428,256.759,1.06350133373097,44064863296,43.59,"Monthly Treasury Statement","https://www.fiscal.treasury.gov/files/reports-statements/mts/mts0916.pdf","Bureau of Labor Statistics","https://data.bls.gov/cgi-bin/surveymost?bls"
"Excise Taxes","Excise Taxes","Highway Trust Fund Refunds","Highway Trust Fund Refunds",2016,-62671000,241.428,256.759,1.06350133373097,-66650692,-0.07,"Monthly Treasury Statement","https://www.fiscal.treasury.gov/files/reports-statements/mts/mts0916.pdf","Bureau of Labor Statistics","https://data.bls.gov/cgi-bin/surveymost?bls"
"Excise Taxes","Excise Taxes","Black Lung Disability Trust Fund","Black Lung Disability Trust Fund",2016,465652373,241.428,256.759,1.06350133373097,495221920,0.49,"Monthly Treasury Statement","https://www.fiscal.treasury.gov/files/reports-statements/mts/mts0916.pdf","Bureau of Labor Statistics","https://data.bls.gov/cgi-bin/surveymost?bls"
"Estate and Gift Taxes","Estate and Gift Taxes","","",2016,21354002317,241.428,256.759,1.06350133373097,22710009944,0.65,"Monthly Treasury Statement","https://www.fiscal.treasury.gov/files/reports-statements/mts/mts0916.pdf","Bureau of Labor Statistics","https://data.bls.gov/cgi-bin/surveymost?bls"
"Estate and Gift Taxes","Estate and Gift Taxes","Estate and Gift Taxes Refunds","Estate and Gift Taxes Refunds",2016,-983135328,241.428,256.759,1.06350133373097,-1045565733,-4.6,"Monthly Treasury Statement","https://www.fiscal.treasury.gov/files/reports-statements/mts/mts0916.pdf","Bureau of Labor Statistics","https://data.bls.gov/cgi-bin/surveymost?bls"
"Estate and Gift Taxes","Estate and Gift Taxes","Estate and Gift Taxes","Estate and Gift Taxes",2016,22337137645,241.428,256.759,1.06350133373097,23755575677,104.6,"Monthly Treasury Statement","https://www.fiscal.treasury.gov/files/reports-statements/mts/mts0916.pdf","Bureau of Labor Statistics","https://data.bls.gov/cgi-bin/surveymost?bls"
"Customs Duties","Customs Duties","","",2016,34837269317,241.428,256.759,1.06350133373097,37049482382,1.07,"Monthly Treasury Statement","https://www.fiscal.treasury.gov/files/reports-statements/mts/mts0916.pdf","Bureau of Labor Statistics","https://data.bls.gov/cgi-bin/surveymost?bls"
"Customs Duties","Customs Duties","Customs Duties Refunds","Customs Duties Refunds",2016,-1630372057,241.428,256.759,1.06350133373097,-1733902857,-4.68,"Monthly Treasury Statement","https://www.fiscal.treasury.gov/files/reports-statements/mts/mts0916.pdf","Bureau of Labor Statistics","https://data.bls.gov/cgi-bin/surveymost?bls"
"Customs Duties","Customs Duties","Customs Duties","Customs Duties",2016,36467641374,241.428,256.759,1.06350133373097,38783385239,104.68,"Monthly Treasury Statement","https://www.fiscal.treasury.gov/files/reports-statements/mts/mts0916.pdf","Bureau of Labor Statistics","https://data.bls.gov/cgi-bin/surveymost?bls"
"Miscellaneous Receipts","Miscellaneous Revenue","","",2016,154742996991,241.428,256.759,1.06350133373097,164569383685,4.74,"Monthly Treasury Statement","https://www.fiscal.treasury.gov/files/reports-statements/mts/mts0916.pdf","Bureau of Labor Statistics","https://data.bls.gov/cgi-bin/surveymost?bls"
"Miscellaneous Receipts","Miscellaneous Revenue","Miscellaneous Receipts Refunds","Miscellaneous Receipts Refunds",2016,-56674957,241.428,256.759,1.06350133373097,-60273892,-0.04,"Monthly Treasury Statement","https://www.fiscal.treasury.gov/files/reports-statements/mts/mts0916.pdf","Bureau of Labor Statistics","https://data.bls.gov/cgi-bin/surveymost?bls"
"Miscellaneous Receipts","Miscellaneous Revenue","Deposit of Earnings, Federal Reserve System","Federal Reserve Deposit of Earnings",2016,115672067218,241.428,256.759,1.06350133373097,123017397761,74.75,"Monthly Treasury Statement","https://www.fiscal.treasury.gov/files/reports-statements/mts/mts0916.pdf","Bureau of Labor Statistics","https://data.bls.gov/cgi-bin/surveymost?bls"
"Miscellaneous Receipts","Miscellaneous Revenue","Universal Service Fund","Universal Service Fund",2016,9921503559,241.428,256.759,1.06350133373097,10551532268,6.41,"Monthly Treasury Statement","https://www.fiscal.treasury.gov/files/reports-statements/mts/mts0916.pdf","Bureau of Labor Statistics","https://data.bls.gov/cgi-bin/surveymost?bls"
"Miscellaneous Receipts","Miscellaneous Revenue","Other Miscellaneous Receipts","Other Miscellaneous Revenue",2016,29206101171,241.428,256.759,1.06350133373097,31060727548,18.87,"Monthly Treasury Statement","https://www.fiscal.treasury.gov/files/reports-statements/mts/mts0916.pdf","Bureau of Labor Statistics","https://data.bls.gov/cgi-bin/surveymost?bls"
"Individual Income Taxes","Individual Income Taxes","","",2017,1587119168060,246.819,256.759,1.04027242635291,1651036307869,47.88,"Monthly Treasury Statement","https://www.fiscal.treasury.gov/files/reports-statements/mts/mts0917.pdf","Bureau of Labor Statistics","https://data.bls.gov/cgi-bin/surveymost?bls"
"Individual Income Taxes","Individual Income Taxes","Individual Income Taxes Refunds","Individual Income Taxes Refunds",2017,-261676703882,246.819,256.759,1.04027242635291,-272215059667,-16.49,"Monthly Treasury Statement","https://www.fiscal.treasury.gov/files/reports-statements/mts/mts0917.pdf","Bureau of Labor Statistics","https://data.bls.gov/cgi-bin/surveymost?bls"
"Individual Income Taxes","Individual Income Taxes","Individual Income Taxes Withheld","Individual Income Taxes Withheld",2017,1309265617887,246.819,256.759,1.04027242635291,1361992921059,82.49,"Monthly Treasury Statement","https://www.fiscal.treasury.gov/files/reports-statements/mts/mts0917.pdf","Bureau of Labor Statistics","https://data.bls.gov/cgi-bin/surveymost?bls"
"Individual Income Taxes","Individual Income Taxes","Presidential Election Campaign Fund","Presidential Election Campaign Fund",2017,26811542,246.819,256.759,1.04027242635291,27891308,0,"Monthly Treasury Statement","https://www.fiscal.treasury.gov/files/reports-statements/mts/mts0917.pdf","Bureau of Labor Statistics","https://data.bls.gov/cgi-bin/surveymost?bls"
"Individual Income Taxes","Individual Income Taxes","Other Individual Income Taxes","Other Individual Income Taxes",2017,539503442514,246.819,256.759,1.04027242635291,561230555169,33.99,"Monthly Treasury Statement","https://www.fiscal.treasury.gov/files/reports-statements/mts/mts0917.pdf","Bureau of Labor Statistics","https://data.bls.gov/cgi-bin/surveymost?bls"
"Corporation Income Taxes","Corporate Income Taxes","","",2017,297047881065,246.819,256.759,1.04027242635291,309010719978,8.96,"Monthly Treasury Statement","https://www.fiscal.treasury.gov/files/reports-statements/mts/mts0917.pdf","Bureau of Labor Statistics","https://data.bls.gov/cgi-bin/surveymost?bls"
"Corporation Income Taxes","Corporate Income Taxes","Corporation Income Taxes Refunds","Corporate Income Taxes Refunds",2017,-41930059841,246.819,256.759,1.04027242635291,-43618685088,-14.12,"Monthly Treasury Statement","https://www.fiscal.treasury.gov/files/reports-statements/mts/mts0917.pdf","Bureau of Labor Statistics","https://data.bls.gov/cgi-bin/surveymost?bls"
"Corporation Income Taxes","Corporate Income Taxes","Corporation Income Taxes","Corporate Income Taxes",2017,338977940906,246.819,256.759,1.04027242635291,352629405066,114.12,"Monthly Treasury Statement","https://www.fiscal.treasury.gov/files/reports-statements/mts/mts0917.pdf","Bureau of Labor Statistics","https://data.bls.gov/cgi-bin/surveymost?bls"
"Employment and General Retirement","Social Security and Medicare Taxes","","",2017,1106547941590,246.819,256.759,1.04027242635291,1151111312074,33.38,"Monthly Treasury Statement","https://www.fiscal.treasury.gov/files/reports-statements/mts/mts0917.pdf","Bureau of Labor Statistics","https://data.bls.gov/cgi-bin/surveymost?bls"
"Employment and General Retirement","Social Security and Medicare Taxes","Federal Old-Age and Survivors Insurance Trust Fund","Social Security - Old-Age and Survivors Insurance Trust Fund Taxes",2017,690708670171,246.819,256.759,1.04027242635291,718525184222,62.42,"Monthly Treasury Statement","https://www.fiscal.treasury.gov/files/reports-statements/mts/mts0917.pdf","Bureau of Labor Statistics","https://data.bls.gov/cgi-bin/surveymost?bls"
"Employment and General Retirement","Social Security and Medicare Taxes","Federal Old-Age and Survivors Insurance Trust Fund Refunds","Social Security - Old-Age and Survivors Insurance Trust Fund Taxes Refunds",2017,-2661310050,246.819,256.759,1.04027242635291,-2768487463,-0.24,"Monthly Treasury Statement","https://www.fiscal.treasury.gov/files/reports-statements/mts/mts0917.pdf","Bureau of Labor Statistics","https://data.bls.gov/cgi-bin/surveymost?bls"
"Employment and General Retirement","Social Security and Medicare Taxes","Federal Disability Insurance Trust Fund","Social Security - Disability Insurance Trust Fund Taxes",2017,163199164039,246.819,256.759,1.04027242635291,169771590354,14.75,"Monthly Treasury Statement","https://www.fiscal.treasury.gov/files/reports-statements/mts/mts0917.pdf","Bureau of Labor Statistics","https://data.bls.gov/cgi-bin/surveymost?bls"
"Employment and General Retirement","Social Security and Medicare Taxes","Federal Disability Insurance Trust Fund Refunds","Social Security - Disability Insurance Trust Fund Taxes Refunds",2017,-628843950,246.819,256.759,1.04027242635291,-654169022,-0.06,"Monthly Treasury Statement","https://www.fiscal.treasury.gov/files/reports-statements/mts/mts0917.pdf","Bureau of Labor Statistics","https://data.bls.gov/cgi-bin/surveymost?bls"
"Employment and General Retirement","Social Security and Medicare Taxes","Federal Hospital Insurance Trust Fund","Medicare Part A Taxes",2017,255930261379,246.819,256.759,1.04027242635291,266237193982,23.13,"Monthly Treasury Statement","https://www.fiscal.treasury.gov/files/reports-statements/mts/mts0917.pdf","Bureau of Labor Statistics","https://data.bls.gov/cgi-bin/surveymost?bls"
"Employment and General Retirement","Other Retirement","Railroad Retirement","Railroad Retirement",2017,5350770603,246.819,256.759,1.04027242635291,5566259118,56.09,"Monthly Treasury Statement","https://www.fiscal.treasury.gov/files/reports-statements/mts/mts0917.pdf","Bureau of Labor Statistics","https://data.bls.gov/cgi-bin/surveymost?bls"
"Employment and General Retirement","Other Retirement","Railroad Retirement Refunds","Railroad Retirement Refunds",2017,-2158618,246.819,256.759,1.04027242635291,-2245550,-0.02,"Monthly Treasury Statement","https://www.fiscal.treasury.gov/files/reports-statements/mts/mts0917.pdf","Bureau of Labor Statistics","https://data.bls.gov/cgi-bin/surveymost?bls"
"Unemployment Insurance","Unemployment Insurance","","",2017,45808340166,246.819,256.759,1.04027242635291,47653153172,1.38,"Monthly Treasury Statement","https://www.fiscal.treasury.gov/files/reports-statements/mts/mts0917.pdf","Bureau of Labor Statistics","https://data.bls.gov/cgi-bin/surveymost?bls"
"Unemployment Insurance","Unemployment Insurance","Deposits by States","Deposits by States",2017,37551306647,246.819,256.759,1.04027242635291,39063588879,81.97,"Monthly Treasury Statement","https://www.fiscal.treasury.gov/files/reports-statements/mts/mts0917.pdf","Bureau of Labor Statistics","https://data.bls.gov/cgi-bin/surveymost?bls"
"Unemployment Insurance","Unemployment Insurance","Federal Unemployment Taxes","Federal Unemployment Taxes",2017,8284270436,246.819,256.759,1.04027242635291,8617898107,18.08,"Monthly Treasury Statement","https://www.fiscal.treasury.gov/files/reports-statements/mts/mts0917.pdf","Bureau of Labor Statistics","https://data.bls.gov/cgi-bin/surveymost?bls"
"Unemployment Insurance","Unemployment Insurance","Federal Unemployment Taxes Refunds","Federal Unemployment Taxes Refunds",2017,-153634279,246.819,256.759,1.04027242635291,-159821504,-0.34,"Monthly Treasury Statement","https://www.fiscal.treasury.gov/files/reports-statements/mts/mts0917.pdf","Bureau of Labor Statistics","https://data.bls.gov/cgi-bin/surveymost?bls"
"Unemployment Insurance","Unemployment Insurance","Railroad Unemployment Taxes","Railroad Unemployment Taxes",2017,126397361,246.819,256.759,1.04027242635291,131487690,0.28,"Monthly Treasury Statement","https://www.fiscal.treasury.gov/files/reports-statements/mts/mts0917.pdf","Bureau of Labor Statistics","https://data.bls.gov/cgi-bin/surveymost?bls"
"Other Retirement","Other Retirement","","",2017,9539244281,246.819,256.759,1.04027242635291,9923412794,0.29,"Monthly Treasury Statement","https://www.fiscal.treasury.gov/files/reports-statements/mts/mts0917.pdf","Bureau of Labor Statistics","https://data.bls.gov/cgi-bin/surveymost?bls"
"Other Retirement","Other Retirement","Federal Employees' Retirement - Employee Share","Federal Government Pension: FERS",2017,4156642897,246.819,256.759,1.04027242635291,4324040992,43.57,"Monthly Treasury Statement","https://www.fiscal.treasury.gov/files/reports-statements/mts/mts0917.pdf","Bureau of Labor Statistics","https://data.bls.gov/cgi-bin/surveymost?bls"
"Other Retirement","Other Retirement","Non-Federal Federal Employees' Retirement","Non-Federal Federal Employees' Retirement",2017,33989399,246.819,256.759,1.04027242635291,35358235,0.36,"Monthly Treasury Statement","https://www.fiscal.treasury.gov/files/reports-statements/mts/mts0917.pdf","Bureau of Labor Statistics","https://data.bls.gov/cgi-bin/surveymost?bls"
"Excise Taxes","Excise Taxes","","",2017,83822381041,246.819,256.759,1.04027242635291,87198111708,2.53,"Monthly Treasury Statement","https://www.fiscal.treasury.gov/files/reports-statements/mts/mts0917.pdf","Bureau of Labor Statistics","https://data.bls.gov/cgi-bin/surveymost?bls"
"Excise Taxes","Excise Taxes","Miscellaneous Excise Taxes","Miscellaneous Excise Taxes",2017,32493541758,246.819,256.759,1.04027242635291,33802135525,38.76,"Monthly Treasury Statement","https://www.fiscal.treasury.gov/files/reports-statements/mts/mts0917.pdf","Bureau of Labor Statistics","https://data.bls.gov/cgi-bin/surveymost?bls"
"Excise Taxes","Excise Taxes","Miscellaneous Excise Taxes Refunds","Miscellaneous Excise Taxes Refunds",2017,-5160104181,246.819,256.759,1.04027242635291,-5367914097,-6.16,"Monthly Treasury Statement","https://www.fiscal.treasury.gov/files/reports-statements/mts/mts0917.pdf","Bureau of Labor Statistics","https://data.bls.gov/cgi-bin/surveymost?bls"
"Excise Taxes","Excise Taxes","Airport and Airway Trust Fund","Airport and Airway Trust Fund",2017,14951680921,246.819,256.759,1.04027242635291,15553821390,17.84,"Monthly Treasury Statement","https://www.fiscal.treasury.gov/files/reports-statements/mts/mts0917.pdf","Bureau of Labor Statistics","https://data.bls.gov/cgi-bin/surveymost?bls"
"Excise Taxes","Excise Taxes","Airport and Airway Trust Fund Refunds","Airport and Airway Trust Fund Refunds",2017,-14800680,246.819,256.759,1.04027242635291,-15396739,-0.02,"Monthly Treasury Statement","https://www.fiscal.treasury.gov/files/reports-statements/mts/mts0917.pdf","Bureau of Labor Statistics","https://data.bls.gov/cgi-bin/surveymost?bls"
"Excise Taxes","Excise Taxes","Highway Trust Fund","Highway Trust Fund",2017,41558485850,246.819,256.759,1.04027242635291,43232146911,49.58,"Monthly Treasury Statement","https://www.fiscal.treasury.gov/files/reports-statements/mts/mts0917.pdf","Bureau of Labor Statistics","https://data.bls.gov/cgi-bin/surveymost?bls"
"Excise Taxes","Excise Taxes","Highway Trust Fund Refunds","Highway Trust Fund Refunds",2017,-431744000,246.819,256.759,1.04027242635291,-449131378,-0.52,"Monthly Treasury Statement","https://www.fiscal.treasury.gov/files/reports-statements/mts/mts0917.pdf","Bureau of Labor Statistics","https://data.bls.gov/cgi-bin/surveymost?bls"
"Excise Taxes","Excise Taxes","Black Lung Disability Trust Fund","Black Lung Disability Trust Fund",2017,425321372,246.819,256.759,1.04027242635291,442450096,0.51,"Monthly Treasury Statement","https://www.fiscal.treasury.gov/files/reports-statements/mts/mts0917.pdf","Bureau of Labor Statistics","https://data.bls.gov/cgi-bin/surveymost?bls"
"Estate and Gift Taxes","Estate and Gift Taxes","","",2017,22767709580,246.819,256.759,1.04027242635291,23684620487,0.69,"Monthly Treasury Statement","https://www.fiscal.treasury.gov/files/reports-statements/mts/mts0917.pdf","Bureau of Labor Statistics","https://data.bls.gov/cgi-bin/surveymost?bls"
"Estate and Gift Taxes","Estate and Gift Taxes","Estate and Gift Taxes Refunds","Estate and Gift Taxes Refunds",2017,-1012733995,246.819,256.759,1.04027242635291,-1053519250,-4.45,"Monthly Treasury Statement","https://www.fiscal.treasury.gov/files/reports-statements/mts/mts0917.pdf","Bureau of Labor Statistics","https://data.bls.gov/cgi-bin/surveymost?bls"
"Estate and Gift Taxes","Estate and Gift Taxes","Estate and Gift Taxes","Estate and Gift Taxes",2017,23780443575,246.819,256.759,1.04027242635291,24738139738,104.45,"Monthly Treasury Statement","https://www.fiscal.treasury.gov/files/reports-statements/mts/mts0917.pdf","Bureau of Labor Statistics","https://data.bls.gov/cgi-bin/surveymost?bls"
"Customs Duties","Customs Duties","","",2017,34575150111,246.819,256.759,1.04027242635291,35967575298,1.04,"Monthly Treasury Statement","https://www.fiscal.treasury.gov/files/reports-statements/mts/mts0917.pdf","Bureau of Labor Statistics","https://data.bls.gov/cgi-bin/surveymost?bls"
"Customs Duties","Customs Duties","Customs Duties Refunds","Customs Duties Refunds",2017,-1684687145,246.819,256.759,1.04027242635291,-1752533584,-4.87,"Monthly Treasury Statement","https://www.fiscal.treasury.gov/files/reports-statements/mts/mts0917.pdf","Bureau of Labor Statistics","https://data.bls.gov/cgi-bin/surveymost?bls"
"Customs Duties","Customs Duties","Customs Duties","Customs Duties",2017,36259837256,246.819,256.759,1.04027242635291,37720108882,104.87,"Monthly Treasury Statement","https://www.fiscal.treasury.gov/files/reports-statements/mts/mts0917.pdf","Bureau of Labor Statistics","https://data.bls.gov/cgi-bin/surveymost?bls"
"Miscellaneous Receipts","Miscellaneous Revenue","","",2017,127666088631,246.819,256.759,1.04027242635291,132807511783,3.85,"Monthly Treasury Statement","https://www.fiscal.treasury.gov/files/reports-statements/mts/mts0917.pdf","Bureau of Labor Statistics","https://data.bls.gov/cgi-bin/surveymost?bls"
"Miscellaneous Receipts","Miscellaneous Revenue","Miscellaneous Receipts Refunds","Miscellaneous Receipts Refunds",2017,-49939319,246.819,256.759,1.04027242635291,-51950497,-0.04,"Monthly Treasury Statement","https://www.fiscal.treasury.gov/files/reports-statements/mts/mts0917.pdf","Bureau of Labor Statistics","https://data.bls.gov/cgi-bin/surveymost?bls"
"Miscellaneous Receipts","Miscellaneous Revenue","Deposit of Earnings, Federal Reserve System","Federal Reserve Deposit of Earnings",2017,81287184040,246.819,256.759,1.04027242635291,84560816172,63.67,"Monthly Treasury Statement","https://www.fiscal.treasury.gov/files/reports-statements/mts/mts0917.pdf","Bureau of Labor Statistics","https://data.bls.gov/cgi-bin/surveymost?bls"
"Miscellaneous Receipts","Miscellaneous Revenue","Universal Service Fund","Universal Service Fund",2017,9154213023,246.819,256.759,1.04027242635291,9522875392,7.17,"Monthly Treasury Statement","https://www.fiscal.treasury.gov/files/reports-statements/mts/mts0917.pdf","Bureau of Labor Statistics","https://data.bls.gov/cgi-bin/surveymost?bls"
"Miscellaneous Receipts","Miscellaneous Revenue","Other Miscellaneous Receipts","Other Miscellaneous Revenue",2017,37274630888,246.819,256.759,1.04027242635291,38775770715,29.2,"Monthly Treasury Statement","https://www.fiscal.treasury.gov/files/reports-statements/mts/mts0917.pdf","Bureau of Labor Statistics","https://data.bls.gov/cgi-bin/surveymost?bls"
"Individual Income Taxes","Individual Income Taxes","","",2018,1683537216745,252.439,256.759,1.0171130451317,1712347665116,50.58,"Monthly Treasury Statement","https://www.fiscal.treasury.gov/files/reports-statements/mts/mts0918.pdf","Bureau of Labor Statistics","https://data.bls.gov/cgi-bin/surveymost?bls"
"Individual Income Taxes","Individual Income Taxes","Individual Income Taxes Refunds","Individual Income Taxes Refunds",2018,-268125461950,252.439,256.759,1.0171130451317,-272713905081,-15.93,"Monthly Treasury Statement","https://www.fiscal.treasury.gov/files/reports-statements/mts/mts0918.pdf","Bureau of Labor Statistics","https://data.bls.gov/cgi-bin/surveymost?bls"
"Individual Income Taxes","Individual Income Taxes","Individual Income Taxes Withheld","Individual Income Taxes Withheld",2018,1325106232591,252.439,256.759,1.0171130451317,1347782835353,78.71,"Monthly Treasury Statement","https://www.fiscal.treasury.gov/files/reports-statements/mts/mts0918.pdf","Bureau of Labor Statistics","https://data.bls.gov/cgi-bin/surveymost?bls"
"Individual Income Taxes","Individual Income Taxes","Presidential Election Campaign Fund","Presidential Election Campaign Fund",2018,25843086,252.439,256.759,1.0171130451317,26285340,0,"Monthly Treasury Statement","https://www.fiscal.treasury.gov/files/reports-statements/mts/mts0918.pdf","Bureau of Labor Statistics","https://data.bls.gov/cgi-bin/surveymost?bls"
"Individual Income Taxes","Individual Income Taxes","Other Individual Income Taxes","Other Individual Income Taxes",2018,626530603018,252.439,256.759,1.0171130451317,637252449504,37.22,"Monthly Treasury Statement","https://www.fiscal.treasury.gov/files/reports-statements/mts/mts0918.pdf","Bureau of Labor Statistics","https://data.bls.gov/cgi-bin/surveymost?bls"
"Corporation Income Taxes","Corporate Income Taxes","","",2018,204733303759,252.439,256.759,1.0171130451317,208236914026,6.15,"Monthly Treasury Statement","https://www.fiscal.treasury.gov/files/reports-statements/mts/mts0918.pdf","Bureau of Labor Statistics","https://data.bls.gov/cgi-bin/surveymost?bls"
"Corporation Income Taxes","Corporate Income Taxes","Corporation Income Taxes Refunds","Corporate Income Taxes Refunds",2018,-58434188303,252.439,256.759,1.0171130451317,-59434175204,-28.54,"Monthly Treasury Statement","https://www.fiscal.treasury.gov/files/reports-statements/mts/mts0918.pdf","Bureau of Labor Statistics","https://data.bls.gov/cgi-bin/surveymost?bls"
"Corporation Income Taxes","Corporate Income Taxes","Corporation Income Taxes","Corporate Income Taxes",2018,263167492062,252.439,256.759,1.0171130451317,267671089230,128.54,"Monthly Treasury Statement","https://www.fiscal.treasury.gov/files/reports-statements/mts/mts0918.pdf","Bureau of Labor Statistics","https://data.bls.gov/cgi-bin/surveymost?bls"
"Employment and General Retirement","Social Security and Medicare Taxes","","",2018,1115405956031,252.439,256.759,1.0171130451317,1134493948497,33.51,"Monthly Treasury Statement","https://www.fiscal.treasury.gov/files/reports-statements/mts/mts0918.pdf","Bureau of Labor Statistics","https://data.bls.gov/cgi-bin/surveymost?bls"
"Employment and General Retirement","Social Security and Medicare Taxes","Federal Old-Age and Survivors Insurance Trust Fund","Social Security - Old-Age and Survivors Insurance Trust Fund Taxes",2018,693831030509,252.439,256.759,1.0171130451317,705704592248,62.2,"Monthly Treasury Statement","https://www.fiscal.treasury.gov/files/reports-statements/mts/mts0918.pdf","Bureau of Labor Statistics","https://data.bls.gov/cgi-bin/surveymost?bls"
"Employment and General Retirement","Social Security and Medicare Taxes","Federal Old-Age and Survivors Insurance Trust Fund Refunds","Social Security - Old-Age and Survivors Insurance Trust Fund Taxes Refunds",2018,-2615773850,252.439,256.759,1.0171130451317,-2660537706,-0.23,"Monthly Treasury Statement","https://www.fiscal.treasury.gov/files/reports-statements/mts/mts0918.pdf","Bureau of Labor Statistics","https://data.bls.gov/cgi-bin/surveymost?bls"
"Employment and General Retirement","Social Security and Medicare Taxes","Federal Disability Insurance Trust Fund","Social Security - Disability Insurance Trust Fund Taxes",2018,164149758351,252.439,256.759,1.0171130451317,166958860574,14.72,"Monthly Treasury Statement","https://www.fiscal.treasury.gov/files/reports-statements/mts/mts0918.pdf","Bureau of Labor Statistics","https://data.bls.gov/cgi-bin/surveymost?bls"
"Employment and General Retirement","Social Security and Medicare Taxes","Federal Disability Insurance Trust Fund Refunds","Social Security - Disability Insurance Trust Fund Taxes Refunds",2018,-618084150,252.439,256.759,1.0171130451317,-628661452,-0.06,"Monthly Treasury Statement","https://www.fiscal.treasury.gov/files/reports-statements/mts/mts0918.pdf","Bureau of Labor Statistics","https://data.bls.gov/cgi-bin/surveymost?bls"
"Employment and General Retirement","Social Security and Medicare Taxes","Federal Hospital Insurance Trust Fund","Medicare Part A Taxes",2018,260659025172,252.439,256.759,1.0171130451317,265119694833,23.37,"Monthly Treasury Statement","https://www.fiscal.treasury.gov/files/reports-statements/mts/mts0918.pdf","Bureau of Labor Statistics","https://data.bls.gov/cgi-bin/surveymost?bls"
"Employment and General Retirement","Other Retirement","Railroad Retirement","Railroad Retirement",2018,5753160813,252.439,256.759,1.0171130451317,5851614914,56.12,"Monthly Treasury Statement","https://www.fiscal.treasury.gov/files/reports-statements/mts/mts0918.pdf","Bureau of Labor Statistics","https://data.bls.gov/cgi-bin/surveymost?bls"
"Employment and General Retirement","Other Retirement","Railroad Retirement Refunds","Railroad Retirement Refunds",2018,-4143919,252.439,256.759,1.0171130451317,-4214834,-0.04,"Monthly Treasury Statement","https://www.fiscal.treasury.gov/files/reports-statements/mts/mts0918.pdf","Bureau of Labor Statistics","https://data.bls.gov/cgi-bin/surveymost?bls"
"Unemployment Insurance","Unemployment Insurance","","",2018,45041614845,252.439,256.759,1.0171130451317,45812414032,1.35,"Monthly Treasury Statement","https://www.fiscal.treasury.gov/files/reports-statements/mts/mts0918.pdf","Bureau of Labor Statistics","https://data.bls.gov/cgi-bin/surveymost?bls"
"Unemployment Insurance","Unemployment Insurance","Deposits by States","Deposits by States",2018,36221878723,252.439,256.759,1.0171130451317,36841745368,80.42,"Monthly Treasury Statement","https://www.fiscal.treasury.gov/files/reports-statements/mts/mts0918.pdf","Bureau of Labor Statistics","https://data.bls.gov/cgi-bin/surveymost?bls"
"Unemployment Insurance","Unemployment Insurance","Federal Unemployment Taxes","Federal Unemployment Taxes",2018,8806552587,252.439,256.759,1.0171130451317,8957259519,19.55,"Monthly Treasury Statement","https://www.fiscal.treasury.gov/files/reports-statements/mts/mts0918.pdf","Bureau of Labor Statistics","https://data.bls.gov/cgi-bin/surveymost?bls"
"Unemployment Insurance","Unemployment Insurance","Federal Unemployment Taxes Refunds","Federal Unemployment Taxes Refunds",2018,-120631589,252.439,256.759,1.0171130451317,-122695962,-0.27,"Monthly Treasury Statement","https://www.fiscal.treasury.gov/files/reports-statements/mts/mts0918.pdf","Bureau of Labor Statistics","https://data.bls.gov/cgi-bin/surveymost?bls"
"Unemployment Insurance","Unemployment Insurance","Railroad Unemployment Taxes","Railroad Unemployment Taxes",2018,133815123,252.439,256.759,1.0171130451317,136105107,0.3,"Monthly Treasury Statement","https://www.fiscal.treasury.gov/files/reports-statements/mts/mts0918.pdf","Bureau of Labor Statistics","https://data.bls.gov/cgi-bin/surveymost?bls"
"Other Retirement","Other Retirement","","",2018,10251841223,252.439,256.759,1.0171130451317,10427281445,0.31,"Monthly Treasury Statement","https://www.fiscal.treasury.gov/files/reports-statements/mts/mts0918.pdf","Bureau of Labor Statistics","https://data.bls.gov/cgi-bin/surveymost?bls"
"Other Retirement","Other Retirement","Federal Employees' Retirement - Employee Share","Federal Government Pension: FERS",2018,4471710154,252.439,256.759,1.0171130451317,4548234732,43.62,"Monthly Treasury Statement","https://www.fiscal.treasury.gov/files/reports-statements/mts/mts0918.pdf","Bureau of Labor Statistics","https://data.bls.gov/cgi-bin/surveymost?bls"
"Other Retirement","Other Retirement","Non-Federal Federal Employees' Retirement","Non-Federal Federal Employees' Retirement",2018,31114174,252.439,256.759,1.0171130451317,31646633,0.3,"Monthly Treasury Statement","https://www.fiscal.treasury.gov/files/reports-statements/mts/mts0918.pdf","Bureau of Labor Statistics","https://data.bls.gov/cgi-bin/surveymost?bls"
"Excise Taxes","Excise Taxes","","",2018,94988171026,252.439,256.759,1.0171130451317,96613707883,2.85,"Monthly Treasury Statement","https://www.fiscal.treasury.gov/files/reports-statements/mts/mts0918.pdf","Bureau of Labor Statistics","https://data.bls.gov/cgi-bin/surveymost?bls"
"Excise Taxes","Excise Taxes","Miscellaneous Excise Taxes","Miscellaneous Excise Taxes",2018,39649721544,252.439,256.759,1.0171130451317,40328249018,41.74,"Monthly Treasury Statement","https://www.fiscal.treasury.gov/files/reports-statements/mts/mts0918.pdf","Bureau of Labor Statistics","https://data.bls.gov/cgi-bin/surveymost?bls"
"Excise Taxes","Excise Taxes","Miscellaneous Excise Taxes Refunds","Miscellaneous Excise Taxes Refunds",2018,-3115532253,252.439,256.759,1.0171130451317,-3168848497,-3.28,"Monthly Treasury Statement","https://www.fiscal.treasury.gov/files/reports-statements/mts/mts0918.pdf","Bureau of Labor Statistics","https://data.bls.gov/cgi-bin/surveymost?bls"
"Excise Taxes","Excise Taxes","Airport and Airway Trust Fund","Airport and Airway Trust Fund",2018,15531904106,252.439,256.759,1.0171130451317,15797702282,16.35,"Monthly Treasury Statement","https://www.fiscal.treasury.gov/files/reports-statements/mts/mts0918.pdf","Bureau of Labor Statistics","https://data.bls.gov/cgi-bin/surveymost?bls"
"Excise Taxes","Excise Taxes","Airport and Airway Trust Fund Refunds","Airport and Airway Trust Fund Refunds",2018,-15353485,252.439,256.759,1.0171130451317,-15616230,-0.02,"Monthly Treasury Statement","https://www.fiscal.treasury.gov/files/reports-statements/mts/mts0918.pdf","Bureau of Labor Statistics","https://data.bls.gov/cgi-bin/surveymost?bls"
"Excise Taxes","Excise Taxes","Highway Trust Fund","Highway Trust Fund",2018,42979507984,252.439,256.759,1.0171130451317,43715018244,45.25,"Monthly Treasury Statement","https://www.fiscal.treasury.gov/files/reports-statements/mts/mts0918.pdf","Bureau of Labor Statistics","https://data.bls.gov/cgi-bin/surveymost?bls"
"Excise Taxes","Excise Taxes","Highway Trust Fund Refunds","Highway Trust Fund Refunds",2018,-436754000,252.439,256.759,1.0171130451317,-444228191,-0.46,"Monthly Treasury Statement","https://www.fiscal.treasury.gov/files/reports-statements/mts/mts0918.pdf","Bureau of Labor Statistics","https://data.bls.gov/cgi-bin/surveymost?bls"
"Excise Taxes","Excise Taxes","Black Lung Disability Trust Fund","Black Lung Disability Trust Fund",2018,394677130,252.439,256.759,1.0171130451317,401431258,0.42,"Monthly Treasury Statement","https://www.fiscal.treasury.gov/files/reports-statements/mts/mts0918.pdf","Bureau of Labor Statistics","https://data.bls.gov/cgi-bin/surveymost?bls"
"Estate and Gift Taxes","Estate and Gift Taxes","","",2018,22983076198,252.439,256.759,1.0171130451317,23376386619,0.69,"Monthly Treasury Statement","https://www.fiscal.treasury.gov/files/reports-statements/mts/mts0918.pdf","Bureau of Labor Statistics","https://data.bls.gov/cgi-bin/surveymost?bls"
"Estate and Gift Taxes","Estate and Gift Taxes","Estate and Gift Taxes Refunds","Estate and Gift Taxes Refunds",2018,-882592721,252.439,256.759,1.0171130451317,-897696570,-3.84,"Monthly Treasury Statement","https://www.fiscal.treasury.gov/files/reports-statements/mts/mts0918.pdf","Bureau of Labor Statistics","https://data.bls.gov/cgi-bin/surveymost?bls"
"Estate and Gift Taxes","Estate and Gift Taxes","Estate and Gift Taxes","Estate and Gift Taxes",2018,23865668919,252.439,256.759,1.0171130451317,24274083188,103.84,"Monthly Treasury Statement","https://www.fiscal.treasury.gov/files/reports-statements/mts/mts0918.pdf","Bureau of Labor Statistics","https://data.bls.gov/cgi-bin/surveymost?bls"
"Customs Duties","Customs Duties","","",2018,41298963822,252.439,256.759,1.0171130451317,42005714854,1.24,"Monthly Treasury Statement","https://www.fiscal.treasury.gov/files/reports-statements/mts/mts0918.pdf","Bureau of Labor Statistics","https://data.bls.gov/cgi-bin/surveymost?bls"
"Customs Duties","Customs Duties","Customs Duties Refunds","Customs Duties Refunds",2018,-1797302387,252.439,256.759,1.0171130451317,-1828059704,-4.35,"Monthly Treasury Statement","https://www.fiscal.treasury.gov/files/reports-statements/mts/mts0918.pdf","Bureau of Labor Statistics","https://data.bls.gov/cgi-bin/surveymost?bls"
"Customs Duties","Customs Duties","Customs Duties","Customs Duties",2018,43096266209,252.439,256.759,1.0171130451317,43833774557,104.35,"Monthly Treasury Statement","https://www.fiscal.treasury.gov/files/reports-statements/mts/mts0918.pdf","Bureau of Labor Statistics","https://data.bls.gov/cgi-bin/surveymost?bls"
"Miscellaneous Receipts","Miscellaneous Revenue","","",2018,110505101069,252.439,256.759,1.0171130451317,112396179851,3.32,"Monthly Treasury Statement","https://www.fiscal.treasury.gov/files/reports-statements/mts/mts0918.pdf","Bureau of Labor Statistics","https://data.bls.gov/cgi-bin/surveymost?bls"
"Miscellaneous Receipts","Miscellaneous Revenue","Miscellaneous Receipts Refunds","Miscellaneous Receipts Refunds",2018,-25693572,252.439,256.759,1.0171130451317,-26133267,-0.02,"Monthly Treasury Statement","https://www.fiscal.treasury.gov/files/reports-statements/mts/mts0918.pdf","Bureau of Labor Statistics","https://data.bls.gov/cgi-bin/surveymost?bls"
"Miscellaneous Receipts","Miscellaneous Revenue","Deposit of Earnings, Federal Reserve System","Federal Reserve Deposit of Earnings",2018,70749918053,252.439,256.759,1.0171130451317,71960664593,64.02,"Monthly Treasury Statement","https://www.fiscal.treasury.gov/files/reports-statements/mts/mts0918.pdf","Bureau of Labor Statistics","https://data.bls.gov/cgi-bin/surveymost?bls"
"Miscellaneous Receipts","Miscellaneous Revenue","Universal Service Fund","Universal Service Fund",2018,9396053384,252.439,256.759,1.0171130451317,9556848470,8.5,"Monthly Treasury Statement","https://www.fiscal.treasury.gov/files/reports-statements/mts/mts0918.pdf","Bureau of Labor Statistics","https://data.bls.gov/cgi-bin/surveymost?bls"
"Miscellaneous Receipts","Miscellaneous Revenue","Other Miscellaneous Receipts","Other Miscellaneous Revenue",2018,30384823204,252.439,256.759,1.0171130451317,30904800055,27.5,"Monthly Treasury Statement","https://www.fiscal.treasury.gov/files/reports-statements/mts/mts0918.pdf","Bureau of Labor Statistics","https://data.bls.gov/cgi-bin/surveymost?bls"
"Individual Income Taxes","Individual Income Taxes","","",2019,1717857487902,256.759,256.759,1,1717857487902,49.62,"Monthly Treasury Statement","https://www.fiscal.treasury.gov/files/reports-statements/mts/mts0919.pdf","Bureau of Labor Statistics","https://data.bls.gov/cgi-bin/surveymost?bls"
"Individual Income Taxes","Individual Income Taxes","Individual Income Taxes Refunds","Individual Income Taxes Refunds",2019,-244757530122,256.759,256.759,1,-244757530122,-14.25,"Monthly Treasury Statement","https://www.fiscal.treasury.gov/files/reports-statements/mts/mts0919.pdf","Bureau of Labor Statistics","https://data.bls.gov/cgi-bin/surveymost?bls"
"Individual Income Taxes","Individual Income Taxes","Individual Income Taxes Withheld","Individual Income Taxes Withheld",2019,1328272233302,256.759,256.759,1,1328272233302,77.32,"Monthly Treasury Statement","https://www.fiscal.treasury.gov/files/reports-statements/mts/mts0919.pdf","Bureau of Labor Statistics","https://data.bls.gov/cgi-bin/surveymost?bls"
"Individual Income Taxes","Individual Income Taxes","Presidential Election Campaign Fund","Presidential Election Campaign Fund",2019,25183178,256.759,256.759,1,25183178,0,"Monthly Treasury Statement","https://www.fiscal.treasury.gov/files/reports-statements/mts/mts0919.pdf","Bureau of Labor Statistics","https://data.bls.gov/cgi-bin/surveymost?bls"
"Individual Income Taxes","Individual Income Taxes","Other Individual Income Taxes","Other Individual Income Taxes",2019,634317601544,256.759,256.759,1,634317601544,36.92,"Monthly Treasury Statement","https://www.fiscal.treasury.gov/files/reports-statements/mts/mts0919.pdf","Bureau of Labor Statistics","https://data.bls.gov/cgi-bin/surveymost?bls"
"Corporation Income Taxes","Corporate Income Taxes","","",2019,230244746814,256.759,256.759,1,230244746814,6.65,"Monthly Treasury Statement","https://www.fiscal.treasury.gov/files/reports-statements/mts/mts0919.pdf","Bureau of Labor Statistics","https://data.bls.gov/cgi-bin/surveymost?bls"
"Corporation Income Taxes","Corporate Income Taxes","Corporation Income Taxes Refunds","Corporate Income Taxes Refunds",2019,-47171358443,256.759,256.759,1,-47171358443,-20.49,"Monthly Treasury Statement","https://www.fiscal.treasury.gov/files/reports-statements/mts/mts0919.pdf","Bureau of Labor Statistics","https://data.bls.gov/cgi-bin/surveymost?bls"
"Corporation Income Taxes","Corporate Income Taxes","Corporation Income Taxes","Corporate Income Taxes",2019,277416105257,256.759,256.759,1,277416105257,120.49,"Monthly Treasury Statement","https://www.fiscal.treasury.gov/files/reports-statements/mts/mts0919.pdf","Bureau of Labor Statistics","https://data.bls.gov/cgi-bin/surveymost?bls"
"Employment and General Retirement","Social Security and Medicare Taxes","","",2019,1191874423053,256.759,256.759,1,1191874423053,34.43,"Monthly Treasury Statement","https://www.fiscal.treasury.gov/files/reports-statements/mts/mts0919.pdf","Bureau of Labor Statistics","https://data.bls.gov/cgi-bin/surveymost?bls"
"Employment and General Retirement","Social Security and Medicare Taxes","Federal Old-Age and Survivors Insurance Trust Fund","Social Security - Old-Age and Survivors Insurance Trust Fund Taxes",2019,773219881153,256.759,256.759,1,773219881153,64.87,"Monthly Treasury Statement","https://www.fiscal.treasury.gov/files/reports-statements/mts/mts0919.pdf","Bureau of Labor Statistics","https://data.bls.gov/cgi-bin/surveymost?bls"
"Employment and General Retirement","Social Security and Medicare Taxes","Federal Old-Age and Survivors Insurance Trust Fund Refunds","Social Security - Old-Age and Survivors Insurance Trust Fund Taxes Refunds",2019,-2937787000,256.759,256.759,1,-2937787000,-0.25,"Monthly Treasury Statement","https://www.fiscal.treasury.gov/files/reports-statements/mts/mts0919.pdf","Bureau of Labor Statistics","https://data.bls.gov/cgi-bin/surveymost?bls"
"Employment and General Retirement","Social Security and Medicare Taxes","Federal Disability Insurance Trust Fund","Social Security - Disability Insurance Trust Fund Taxes",2019,144714458817,256.759,256.759,1,144714458817,12.14,"Monthly Treasury Statement","https://www.fiscal.treasury.gov/files/reports-statements/mts/mts0919.pdf","Bureau of Labor Statistics","https://data.bls.gov/cgi-bin/surveymost?bls"
"Employment and General Retirement","Social Security and Medicare Taxes","Federal Disability Insurance Trust Fund Refunds","Social Security - Disability Insurance Trust Fund Taxes Refunds",2019,-694173000,256.759,256.759,1,-694173000,-0.06,"Monthly Treasury Statement","https://www.fiscal.treasury.gov/files/reports-statements/mts/mts0919.pdf","Bureau of Labor Statistics","https://data.bls.gov/cgi-bin/surveymost?bls"
"Employment and General Retirement","Social Security and Medicare Taxes","Federal Hospital Insurance Trust Fund","Medicare Part A Taxes",2019,277572043083,256.759,256.759,1,277572043083,23.29,"Monthly Treasury Statement","https://www.fiscal.treasury.gov/files/reports-statements/mts/mts0919.pdf","Bureau of Labor Statistics","https://data.bls.gov/cgi-bin/surveymost?bls"
"Employment and General Retirement","Other Retirement","Railroad Retirement","Railroad Retirement",2019,5609755236,256.759,256.759,1,5609755236,54.58,"Monthly Treasury Statement","https://www.fiscal.treasury.gov/files/reports-statements/mts/mts0919.pdf","Bureau of Labor Statistics","https://data.bls.gov/cgi-bin/surveymost?bls"
"Employment and General Retirement","Other Retirement","Railroad Retirement Refunds","Railroad Retirement Refunds",2019,-90215596,256.759,256.759,1,-90215596,-0.88,"Monthly Treasury Statement","https://www.fiscal.treasury.gov/files/reports-statements/mts/mts0919.pdf","Bureau of Labor Statistics","https://data.bls.gov/cgi-bin/surveymost?bls"
"Unemployment Insurance","Unemployment Insurance","","",2019,40933978371,256.759,256.759,1,40933978371,1.18,"Monthly Treasury Statement","https://www.fiscal.treasury.gov/files/reports-statements/mts/mts0919.pdf","Bureau of Labor Statistics","https://data.bls.gov/cgi-bin/surveymost?bls"
"Unemployment Insurance","Unemployment Insurance","Deposits by States","Deposits by States",2019,34624301486,256.759,256.759,1,34624301486,84.59,"Monthly Treasury Statement","https://www.fiscal.treasury.gov/files/reports-statements/mts/mts0919.pdf","Bureau of Labor Statistics","https://data.bls.gov/cgi-bin/surveymost?bls"
"Unemployment Insurance","Unemployment Insurance","Federal Unemployment Taxes","Federal Unemployment Taxes",2019,6437694216,256.759,256.759,1,6437694216,15.73,"Monthly Treasury Statement","https://www.fiscal.treasury.gov/files/reports-statements/mts/mts0919.pdf","Bureau of Labor Statistics","https://data.bls.gov/cgi-bin/surveymost?bls"
"Unemployment Insurance","Unemployment Insurance","Federal Unemployment Taxes Refunds","Federal Unemployment Taxes Refunds",2019,-259460476,256.759,256.759,1,-259460476,-0.63,"Monthly Treasury Statement","https://www.fiscal.treasury.gov/files/reports-statements/mts/mts0919.pdf","Bureau of Labor Statistics","https://data.bls.gov/cgi-bin/surveymost?bls"
"Unemployment Insurance","Unemployment Insurance","Railroad Unemployment Taxes","Railroad Unemployment Taxes",2019,131443145,256.759,256.759,1,131443145,0.32,"Monthly Treasury Statement","https://www.fiscal.treasury.gov/files/reports-statements/mts/mts0919.pdf","Bureau of Labor Statistics","https://data.bls.gov/cgi-bin/surveymost?bls"
"Other Retirement","Other Retirement","","",2019,10278463382,256.759,256.759,1,10278463382,0.3,"Monthly Treasury Statement","https://www.fiscal.treasury.gov/files/reports-statements/mts/mts0919.pdf","Bureau of Labor Statistics","https://data.bls.gov/cgi-bin/surveymost?bls"
"Other Retirement","Other Retirement","Federal Employees' Retirement - Employee Share","Federal Government Pension: FERS",2019,4730219000,256.759,256.759,1,4730219000,46.02,"Monthly Treasury Statement","https://www.fiscal.treasury.gov/files/reports-statements/mts/mts0919.pdf","Bureau of Labor Statistics","https://data.bls.gov/cgi-bin/surveymost?bls"
"Other Retirement","Other Retirement","Non-Federal Federal Employees' Retirement","Non-Federal Federal Employees' Retirement",2019,28704742,256.759,256.759,1,28704742,0.28,"Monthly Treasury Statement","https://www.fiscal.treasury.gov/files/reports-statements/mts/mts0919.pdf","Bureau of Labor Statistics","https://data.bls.gov/cgi-bin/surveymost?bls"
"Excise Taxes","Excise Taxes","","",2019,98914554368,256.759,256.759,1,98914554368,2.86,"Monthly Treasury Statement","https://www.fiscal.treasury.gov/files/reports-statements/mts/mts0919.pdf","Bureau of Labor Statistics","https://data.bls.gov/cgi-bin/surveymost?bls"
"Excise Taxes","Excise Taxes","Miscellaneous Excise Taxes","Miscellaneous Excise Taxes",2019,44773106990,256.759,256.759,1,44773106990,45.26,"Monthly Treasury Statement","https://www.fiscal.treasury.gov/files/reports-statements/mts/mts0919.pdf","Bureau of Labor Statistics","https://data.bls.gov/cgi-bin/surveymost?bls"
"Excise Taxes","Excise Taxes","Miscellaneous Excise Taxes Refunds","Miscellaneous Excise Taxes Refunds",2019,-5628912884,256.759,256.759,1,-5628912884,-5.69,"Monthly Treasury Statement","https://www.fiscal.treasury.gov/files/reports-statements/mts/mts0919.pdf","Bureau of Labor Statistics","https://data.bls.gov/cgi-bin/surveymost?bls"
"Excise Taxes","Excise Taxes","Airport and Airway Trust Fund","Airport and Airway Trust Fund",2019,15825253472,256.759,256.759,1,15825253472,16,"Monthly Treasury Statement","https://www.fiscal.treasury.gov/files/reports-statements/mts/mts0919.pdf","Bureau of Labor Statistics","https://data.bls.gov/cgi-bin/surveymost?bls"
"Excise Taxes","Excise Taxes","Airport and Airway Trust Fund Refunds","Airport and Airway Trust Fund Refunds",2019,-14272019,256.759,256.759,1,-14272019,-0.01,"Monthly Treasury Statement","https://www.fiscal.treasury.gov/files/reports-statements/mts/mts0919.pdf","Bureau of Labor Statistics","https://data.bls.gov/cgi-bin/surveymost?bls"
"Excise Taxes","Excise Taxes","Highway Trust Fund","Highway Trust Fund",2019,44185747061,256.759,256.759,1,44185747061,44.67,"Monthly Treasury Statement","https://www.fiscal.treasury.gov/files/reports-statements/mts/mts0919.pdf","Bureau of Labor Statistics","https://data.bls.gov/cgi-bin/surveymost?bls"
"Excise Taxes","Excise Taxes","Highway Trust Fund Refunds","Highway Trust Fund Refunds",2019,-439754000,256.759,256.759,1,-439754000,-0.44,"Monthly Treasury Statement","https://www.fiscal.treasury.gov/files/reports-statements/mts/mts0919.pdf","Bureau of Labor Statistics","https://data.bls.gov/cgi-bin/surveymost?bls"
"Excise Taxes","Excise Taxes","Black Lung Disability Trust Fund","Black Lung Disability Trust Fund",2019,213385748,256.759,256.759,1,213385748,0.22,"Monthly Treasury Statement","https://www.fiscal.treasury.gov/files/reports-statements/mts/mts0919.pdf","Bureau of Labor Statistics","https://data.bls.gov/cgi-bin/surveymost?bls"
"Estate and Gift Taxes","Estate and Gift Taxes","","",2019,16671532322,256.759,256.759,1,16671532322,0.48,"Monthly Treasury Statement","https://www.fiscal.treasury.gov/files/reports-statements/mts/mts0919.pdf","Bureau of Labor Statistics","https://data.bls.gov/cgi-bin/surveymost?bls"
"Estate and Gift Taxes","Estate and Gift Taxes","Estate and Gift Taxes Refunds","Estate and Gift Taxes Refunds",2019,-893511190,256.759,256.759,1,-893511190,-5.36,"Monthly Treasury Statement","https://www.fiscal.treasury.gov/files/reports-statements/mts/mts0919.pdf","Bureau of Labor Statistics","https://data.bls.gov/cgi-bin/surveymost?bls"
"Estate and Gift Taxes","Estate and Gift Taxes","Estate and Gift Taxes","Estate and Gift Taxes",2019,17565043512,256.759,256.759,1,17565043512,105.36,"Monthly Treasury Statement","https://www.fiscal.treasury.gov/files/reports-statements/mts/mts0919.pdf","Bureau of Labor Statistics","https://data.bls.gov/cgi-bin/surveymost?bls"
"Customs Duties","Customs Duties","","",2019,70783723012,256.759,256.759,1,70783723012,2.04,"Monthly Treasury Statement","https://www.fiscal.treasury.gov/files/reports-statements/mts/mts0919.pdf","Bureau of Labor Statistics","https://data.bls.gov/cgi-bin/surveymost?bls"
"Customs Duties","Customs Duties","Customs Duties Refunds","Customs Duties Refunds",2019,-2677046429,256.759,256.759,1,-2677046429,-3.78,"Monthly Treasury Statement","https://www.fiscal.treasury.gov/files/reports-statements/mts/mts0919.pdf","Bureau of Labor Statistics","https://data.bls.gov/cgi-bin/surveymost?bls"
"Customs Duties","Customs Duties","Customs Duties","Customs Duties",2019,73460769441,256.759,256.759,1,73460769441,103.78,"Monthly Treasury Statement","https://www.fiscal.treasury.gov/files/reports-statements/mts/mts0919.pdf","Bureau of Labor Statistics","https://data.bls.gov/cgi-bin/surveymost?bls"
"Miscellaneous Receipts","Miscellaneous Revenue","","",2019,84636700924,256.759,256.759,1,84636700924,2.44,"Monthly Treasury Statement","https://www.fiscal.treasury.gov/files/reports-statements/mts/mts0919.pdf","Bureau of Labor Statistics","https://data.bls.gov/cgi-bin/surveymost?bls"
"Miscellaneous Receipts","Miscellaneous Revenue","Miscellaneous Receipts Refunds","Miscellaneous Receipts Refunds",2019,-34756177,256.759,256.759,1,-34756177,-0.04,"Monthly Treasury Statement","https://www.fiscal.treasury.gov/files/reports-statements/mts/mts0919.pdf","Bureau of Labor Statistics","https://data.bls.gov/cgi-bin/surveymost?bls"
"Miscellaneous Receipts","Miscellaneous Revenue","Deposit of Earnings, Federal Reserve System","Federal Reserve Deposit of Earnings",2019,52793314499,256.759,256.759,1,52793314499,62.38,"Monthly Treasury Statement","https://www.fiscal.treasury.gov/files/reports-statements/mts/mts0919.pdf","Bureau of Labor Statistics","https://data.bls.gov/cgi-bin/surveymost?bls"
"Miscellaneous Receipts","Miscellaneous Revenue","Universal Service Fund","Universal Service Fund",2019,9729891883,256.759,256.759,1,9729891883,11.5,"Monthly Treasury Statement","https://www.fiscal.treasury.gov/files/reports-statements/mts/mts0919.pdf","Bureau of Labor Statistics","https://data.bls.gov/cgi-bin/surveymost?bls"
"Miscellaneous Receipts","Miscellaneous Revenue","Other Miscellaneous Receipts","Other Miscellaneous Revenue",2019,22148250720,256.759,256.759,1,22148250720,26.17,"Monthly Treasury Statement","https://www.fiscal.treasury.gov/files/reports-statements/mts/mts0919.pdf","Bureau of Labor Statistics","https://data.bls.gov/cgi-bin/surveymost?bls"
